time,price,signal
2020-05-29 11:30:00,38.22,buy
2020-06-02 14:00:00,43.441,sell
2020-06-02 15:00:00,42.551,buy
2020-06-03 11:30:00,42.808,sell
2020-06-05 15:00:00,42.066,buy
2020-06-08 15:00:00,41.691,sell
2020-06-11 10:30:00,42.136,buy
2020-06-12 10:30:00,39.385,sell
2020-06-16 11:30:00,38.416,buy
2020-06-17 14:00:00,37.812,sell
2020-06-18 11:30:00,38.524,buy
2020-06-23 10:30:00,39.445,sell
2020-06-24 11:30:00,41.087,buy
2020-06-29 14:00:00,40.612,sell
2020-06-30 11:30:00,43.314,buy
2020-07-01 15:00:00,45.204,sell
2020-07-02 10:30:00,45.075,buy
2020-07-02 14:00:00,50.36,sell
2020-07-02 15:00:00,49.865,buy
2020-07-03 10:30:00,50.152,sell
2020-07-03 14:00:00,51.557,buy
2020-07-06 10:30:00,55.614,sell
2020-07-06 11:30:00,57.415,buy
2020-07-07 11:30:00,58.435,sell
2020-07-09 15:00:00,57.445,buy
2020-07-10 11:30:00,55.585,sell
2020-07-13 11:30:00,58.623,buy
2020-07-14 15:00:00,62.848,sell
2020-07-15 10:30:00,57.495,buy
2020-07-15 11:30:00,56.891,sell
2020-07-20 14:00:00,46.857,buy
2020-07-23 11:30:00,47.668,sell
2020-07-27 15:00:00,46.035,buy
2020-07-31 11:30:00,56.396,sell
2020-08-03 14:00:00,57.445,buy
2020-08-03 15:00:00,56.733,sell
2020-08-05 14:00:00,56.782,buy
2020-08-07 11:30:00,54.437,sell
2020-08-10 15:00:00,55.743,buy
2020-08-11 14:00:00,54.476,sell
2020-08-13 11:30:00,52.557,buy
2020-08-14 10:30:00,53.309,sell
2020-08-14 11:30:00,52.933,buy
2020-08-18 14:00:00,54.189,sell
2020-08-21 11:30:00,50.726,buy
2020-08-25 11:30:00,49.083,sell
2020-08-27 11:30:00,49.855,buy
2020-09-01 10:30:00,48.371,sell
2020-09-03 14:00:00,47.53,buy
2020-09-08 10:30:00,50.38,sell
2020-09-11 11:30:00,46.639,buy
2020-09-16 14:00:00,51.438,sell
2020-09-17 11:30:00,52.586,buy
2020-09-18 11:30:00,53.794,sell
2020-09-18 14:00:00,53.447,buy
2020-09-21 11:30:00,53.427,sell
2020-09-23 11:30:00,53.517,buy
2020-09-25 11:30:00,52.567,sell
2020-09-28 15:00:00,53.259,buy
2020-09-30 15:00:00,55.575,sell
2020-10-09 11:30:00,57.485,buy
2020-10-09 15:00:00,56.357,sell
2020-10-12 14:00:00,57.762,buy
2020-10-13 11:30:00,57.514,sell
2020-10-19 10:30:00,57.138,buy
2020-10-20 11:30:00,50.508,sell
2020-10-22 14:00:00,49.073,buy
2020-10-23 15:00:00,48.212,sell
2020-10-26 11:30:00,48.351,buy
2020-10-29 10:30:00,46.886,sell
2020-10-30 14:00:00,48.579,buy
2020-11-02 11:30:00,46.362,sell
2020-11-03 11:30:00,49.281,buy
2020-11-05 11:30:00,49.459,sell
2020-11-09 11:30:00,55.971,buy
2020-11-11 11:30:00,55.139,sell
2020-11-13 14:00:00,52.695,buy
2020-11-17 11:30:00,51.458,sell
2020-11-18 10:30:00,53.249,buy
2020-11-20 11:30:00,54.13,sell
2020-11-24 11:30:00,55.07,buy
2020-11-26 10:30:00,55.793,sell
2020-11-27 11:30:00,57.297,buy
2020-12-02 15:00:00,69.152,sell
2020-12-10 11:30:00,68.885,buy
2020-12-15 11:30:00,65.817,sell
2020-12-17 14:00:00,67.707,buy
2020-12-21 15:00:00,68.835,sell
2020-12-23 15:00:00,68.578,buy
2020-12-25 11:30:00,67.361,sell
2020-12-28 15:00:00,66.104,buy
2020-12-30 11:30:00,64.719,sell
2021-01-04 14:00:00,62.225,buy
2021-01-06 14:00:00,61.047,sell
2021-01-08 11:30:00,61.245,buy
2021-01-13 14:00:00,66.381,sell
2021-01-14 10:30:00,68.083,buy
2021-01-14 11:30:00,70.29,sell
2021-01-14 14:00:00,70.913,buy
2021-01-15 10:30:00,72.239,sell
2021-01-15 11:30:00,68.281,buy
2021-01-15 14:00:00,69.023,sell
2021-01-18 14:00:00,71.339,buy
2021-01-19 11:30:00,69.568,sell
2021-01-21 14:00:00,69.884,buy
2021-01-22 11:30:00,66.51,sell
2021-01-26 15:00:00,64.649,buy
2021-01-27 14:00:00,62.136,sell
2021-01-29 14:00:00,59.325,buy
2021-02-03 14:00:00,55.367,sell
2021-02-04 15:00:00,55.783,buy
2021-02-18 10:30:00,62.69,sell
2021-02-18 11:30:00,63.234,buy
2021-02-18 15:00:00,61.582,sell
2021-02-24 10:30:00,60.889,buy
2021-02-26 14:00:00,60.493,sell
2021-03-01 11:30:00,63.541,buy
2021-03-03 11:30:00,65.233,sell
2021-03-05 14:00:00,66.203,buy
2021-03-08 11:30:00,60.76,sell
2021-03-11 11:30:00,59.563,buy
2021-03-15 11:30:00,57.079,sell
2021-03-18 10:30:00,54.932,buy
2021-03-18 11:30:00,55.09,sell
2021-03-19 10:30:00,55.12,buy
2021-03-22 15:00:00,55.08,sell
2021-03-25 14:00:00,52.032,buy
2021-03-30 14:00:00,54.971,sell
2021-03-31 15:00:00,55.229,buy
2021-04-06 14:00:00,62.631,sell
2021-04-07 11:30:00,64.57,buy
2021-04-07 14:00:00,64.877,sell
2021-04-14 10:30:00,57.96,buy
2021-04-20 11:30:00,59.929,sell
2021-04-22 14:00:00,60.256,buy
2021-04-27 10:30:00,61.651,sell
2021-04-28 10:30:00,63.709,buy
2021-04-28 14:00:00,62.245,sell
2021-04-29 10:30:00,65.481,buy
2021-04-30 11:30:00,64.303,sell
2021-05-11 15:00:00,57.95,buy
2021-05-14 10:30:00,58.979,sell
2021-05-14 11:30:00,58.979,buy
2021-05-14 14:00:00,59.385,sell
2021-05-14 15:00:00,59.296,buy
2021-05-18 11:30:00,60.256,sell
2021-05-21 10:30:00,59.088,buy
2021-05-21 14:00:00,56.406,sell
2021-05-24 14:00:00,57.0,buy
2021-05-27 10:30:00,60.364,sell
2021-05-27 11:30:00,62.838,buy
2021-05-28 11:30:00,61.463,sell
2021-06-01 10:30:00,62.225,buy
2021-06-02 11:30:00,61.354,sell
2021-06-04 14:00:00,62.185,buy
2021-06-08 15:00:00,66.302,sell
2021-06-09 14:00:00,68.974,buy
2021-06-15 10:30:00,78.741,sell
2021-06-15 11:30:00,77.098,buy
2021-06-16 10:30:00,74.209,sell
2021-06-17 14:00:00,84.096,buy
2021-06-21 15:00:00,88.207,sell
2021-06-23 11:30:00,95.586,buy
2021-06-24 11:30:00,88.256,sell
2021-06-28 11:30:00,88.692,buy
2021-06-29 14:00:00,89.247,sell
2021-06-29 15:00:00,89.088,buy
2021-07-01 10:30:00,92.565,sell
2021-07-01 11:30:00,91.406,buy
2021-07-01 14:00:00,90.515,sell
2021-07-05 14:00:00,89.415,buy
2021-07-06 15:00:00,85.215,sell
2021-07-08 11:30:00,87.662,buy
2021-07-09 14:00:00,84.562,sell
2021-07-12 11:30:00,86.523,buy
2021-07-13 11:30:00,81.134,sell
2021-07-15 14:00:00,79.956,buy
2021-07-19 11:30:00,79.896,sell
2021-07-20 11:30:00,80.867,buy
2021-07-22 10:30:00,83.739,sell
2021-07-22 14:00:00,87.395,buy
2021-07-23 11:30:00,85.186,sell
2021-07-26 11:30:00,84.829,buy
2021-07-26 14:00:00,85.978,sell
2021-07-27 10:30:00,92.119,buy
2021-07-28 10:30:00,89.544,sell
2021-07-29 15:00:00,93.793,buy
2021-08-02 14:00:00,93.873,sell
2021-08-04 15:00:00,89.059,buy
2021-08-06 15:00:00,88.019,sell
2021-08-11 11:30:00,85.007,buy
2021-08-13 14:00:00,83.502,sell
2021-08-16 14:00:00,84.572,buy
2021-08-17 11:30:00,82.135,sell
2021-08-19 11:30:00,85.582,buy
2021-08-23 14:00:00,86.067,sell
2021-08-26 11:30:00,86.998,buy
2021-08-27 10:30:00,81.382,sell
2021-08-31 15:00:00,74.686,buy
2021-09-02 14:00:00,71.12,sell
2021-09-03 14:00:00,73.349,buy
2021-09-07 14:00:00,72.844,sell
2021-09-10 14:00:00,75.201,buy
2021-09-13 14:00:00,71.605,sell
2021-09-14 15:00:00,70.278,buy
2021-09-15 10:30:00,70.655,sell
2021-09-15 11:30:00,70.031,buy
2021-09-16 11:30:00,67.713,sell
2021-09-17 15:00:00,68.545,buy
2021-09-24 11:30:00,69.565,sell
2021-09-28 11:30:00,70.001,buy
2021-09-29 11:30:00,68.594,sell
2021-09-29 15:00:00,68.0,buy
2021-09-30 10:30:00,68.347,sell
2021-10-08 11:30:00,68.614,buy
2021-10-11 10:30:00,69.595,sell
2021-10-11 11:30:00,69.387,buy
2021-10-11 15:00:00,68.366,sell
2021-10-13 14:00:00,68.049,buy
2021-10-18 11:30:00,70.11,sell
2021-10-22 11:30:00,69.03,buy
2021-10-25 14:00:00,67.505,sell
2021-10-26 10:30:00,68.604,buy
2021-10-27 11:30:00,61.304,sell
2021-10-29 11:30:00,61.72,buy
2021-11-03 10:30:00,63.721,sell
2021-11-04 11:30:00,67.158,buy
2021-11-05 14:00:00,66.722,sell
2021-11-09 15:00:00,67.079,buy
2021-11-12 11:30:00,64.612,sell
2021-11-16 11:30:00,65.87,buy
2021-11-16 15:00:00,64.751,sell
2021-11-17 14:00:00,65.563,buy
2021-11-18 11:30:00,64.503,sell
2021-11-19 15:00:00,64.583,buy
2021-11-24 14:00:00,72.903,sell
2021-11-30 14:00:00,71.269,buy
2021-12-01 15:00:00,71.001,sell
2021-12-03 11:30:00,72.239,buy
2021-12-06 11:30:00,69.615,sell
2021-12-08 11:30:00,67.772,buy
2021-12-13 10:30:00,69.208,sell
2021-12-15 10:30:00,68.188,buy
2021-12-15 11:30:00,67.96,sell
2021-12-21 11:30:00,62.849,buy
2021-12-23 11:30:00,64.513,sell
2021-12-23 14:00:00,63.949,buy
2021-12-24 10:30:00,63.592,sell
2021-12-28 10:30:00,63.146,buy
2021-12-29 14:00:00,63.226,sell
2021-12-30 11:30:00,64.285,buy
2022-01-04 11:30:00,62.602,sell
2022-01-06 14:00:00,60.858,buy
2022-01-11 15:00:00,59.878,sell
2022-01-13 10:30:00,60.175,buy
2022-01-13 11:30:00,60.115,sell
2022-01-14 11:30:00,60.353,buy
2022-01-18 15:00:00,61.591,sell
2022-01-21 11:30:00,58.332,buy
2022-01-25 14:00:00,57.302,sell
2022-01-27 10:30:00,55.638,buy
2022-01-27 11:30:00,55.321,sell
2022-01-28 14:00:00,55.371,buy
2022-02-07 10:30:00,55.252,sell
2022-02-07 11:30:00,55.163,buy
2022-02-08 14:00:00,54.43,sell
2022-02-09 10:30:00,55.39,buy
2022-02-11 11:30:00,56.401,sell
2022-02-15 11:30:00,56.738,buy
2022-02-17 11:30:00,56.728,sell
2022-02-22 14:00:00,53.964,buy
2022-02-24 15:00:00,57.481,sell
2022-03-04 11:30:00,56.48,buy
2022-03-07 11:30:00,54.281,sell
2022-03-08 15:00:00,54.311,buy
2022-03-15 10:30:00,55.608,sell
2022-03-16 15:00:00,58.253,buy
2022-03-21 15:00:00,60.422,sell
2022-03-22 10:30:00,59.145,buy
2022-03-22 11:30:00,59.283,sell
2022-03-28 11:30:00,56.847,buy
2022-03-29 10:30:00,55.242,sell
2022-03-30 11:30:00,55.42,buy
2022-03-31 14:00:00,54.113,sell
2022-04-01 11:30:00,54.271,buy
2022-04-06 11:30:00,53.221,sell
2022-04-08 14:00:00,52.35,buy
2022-04-11 11:30:00,48.922,sell
2022-04-13 10:30:00,47.506,buy
2022-04-14 10:30:00,46.387,sell
2022-04-14 14:00:00,47.902,buy
2022-04-19 11:30:00,48.417,sell
2022-04-21 15:00:00,48.001,buy
2022-04-22 10:30:00,48.179,sell
2022-04-26 14:00:00,44.465,buy
2022-04-26 15:00:00,44.306,sell
2022-04-27 14:00:00,46.466,buy
2022-05-06 10:30:00,46.842,sell
2022-05-10 11:30:00,48.675,buy
2022-05-12 14:00:00,49.645,sell
2022-05-17 11:30:00,51.012,buy
2022-05-19 11:30:00,50.765,sell
2022-05-19 14:00:00,51.101,buy
2022-05-23 14:00:00,51.656,sell
2022-05-26 11:30:00,49.685,buy
2022-05-27 15:00:00,48.932,sell
2022-05-30 11:30:00,50.349,buy
2022-06-06 15:00:00,57.797,sell
2022-06-10 11:30:00,60.026,buy
2022-06-13 11:30:00,58.54,sell
2022-06-15 10:30:00,58.441,buy
2022-06-16 10:30:00,59.026,sell
2022-06-16 11:30:00,59.273,buy
2022-06-17 10:30:00,57.322,sell
2022-06-21 14:00:00,56.173,buy
2022-06-21 15:00:00,56.579,sell
2022-06-23 14:00:00,56.044,buy
2022-06-27 15:00:00,56.63,sell
2022-06-28 15:00:00,59.292,buy
2022-06-30 10:30:00,58.746,sell
2022-07-05 11:30:00,55.06,buy
2022-07-07 14:00:00,55.686,sell
2022-07-08 11:30:00,57.792,buy
2022-07-11 11:30:00,54.911,sell
2022-07-13 14:00:00,53.123,buy
2022-07-18 10:30:00,51.861,sell
2022-07-18 15:00:00,52.964,buy
2022-07-21 10:30:00,54.106,sell
2022-07-21 11:30:00,53.639,buy
2022-07-22 10:30:00,52.556,sell
2022-07-26 14:00:00,50.996,buy
2022-07-27 14:00:00,50.4,sell
2022-07-28 11:30:00,51.652,buy
2022-07-29 14:00:00,50.549,sell
2022-08-01 14:00:00,50.818,buy
2022-08-02 14:00:00,50.52,sell
2022-08-02 15:00:00,50.53,buy
2022-08-08 11:30:00,55.964,sell
2022-08-10 10:30:00,57.206,buy
2022-08-10 14:00:00,56.63,sell
2022-08-12 11:30:00,56.888,buy
2022-08-12 15:00:00,56.381,sell
2022-08-16 11:30:00,55.914,buy
2022-08-16 14:00:00,55.964,sell
2022-08-16 15:00:00,55.914,buy
2022-08-17 11:30:00,56.083,sell
2022-08-17 14:00:00,56.173,buy
2022-08-19 14:00:00,56.51,sell
2022-08-25 14:00:00,52.218,buy
2022-08-25 15:00:00,52.675,sell
2022-08-26 10:30:00,52.834,buy
2022-08-31 14:00:00,52.507,sell
2022-08-31 15:00:00,52.06,buy
2022-09-01 11:30:00,51.593,sell
2022-09-05 10:30:00,50.778,buy
2022-09-05 11:30:00,50.788,sell
2022-09-06 10:30:00,51.026,buy
2022-09-08 14:00:00,51.602,sell
2022-09-13 10:30:00,52.159,buy
2022-09-14 11:30:00,51.463,sell
2022-09-20 11:30:00,48.97,buy
2022-09-22 15:00:00,48.085,sell
2022-09-27 11:30:00,46.744,buy
2022-09-29 15:00:00,47.648,sell
2022-10-12 11:30:00,44.638,buy
2022-10-18 11:30:00,48.135,sell
2022-10-20 14:00:00,49.139,buy
2022-10-24 14:00:00,48.493,sell
2022-10-25 15:00:00,49.049,buy
2022-10-26 10:30:00,49.397,sell
2022-10-26 11:30:00,49.874,buy
2022-10-27 14:00:00,50.589,sell
2022-10-27 15:00:00,50.043,buy
2022-10-28 11:30:00,49.894,sell
2022-10-31 14:00:00,50.261,buy
2022-11-03 10:30:00,51.493,sell
2022-11-03 11:30:00,51.642,buy
2022-11-07 11:30:00,52.596,sell
2022-11-11 11:30:00,51.612,buy
2022-11-16 14:00:00,53.53,sell
2022-11-18 10:30:00,53.848,buy
2022-11-18 11:30:00,53.927,sell
2022-11-22 14:00:00,53.46,buy
2022-11-23 10:30:00,52.755,sell
2022-11-24 10:30:00,52.755,buy
2022-11-28 10:30:00,51.016,sell
2022-11-29 11:30:00,52.298,buy
2022-12-01 15:00:00,52.666,sell
2022-12-05 11:30:00,53.907,buy
2022-12-07 11:30:00,54.643,sell
2022-12-09 15:00:00,54.504,buy
2022-12-14 11:30:00,57.514,sell
2022-12-21 11:30:00,53.47,buy
2022-12-21 14:00:00,53.003,sell
2022-12-22 10:30:00,53.798,buy
2022-12-23 11:30:00,52.238,sell
2022-12-26 11:30:00,52.556,buy
2022-12-28 15:00:00,52.656,sell
2023-01-03 14:00:00,52.825,buy
2023-01-06 10:30:00,53.719,sell
2023-01-06 11:30:00,53.719,buy
2023-01-06 15:00:00,53.262,sell
2023-01-09 11:30:00,53.381,buy
2023-01-09 14:00:00,53.282,sell
2023-01-13 14:00:00,51.831,buy
2023-01-18 14:00:00,55.646,sell
2023-02-01 14:00:00,55.487,buy
2023-02-03 11:30:00,55.308,sell
2023-02-08 10:30:00,55.507,buy
2023-02-08 15:00:00,54.871,sell
2023-02-09 11:30:00,55.765,buy
2023-02-13 15:00:00,57.405,sell
2023-02-16 14:00:00,56.659,buy
2023-02-17 10:30:00,55.229,sell
2023-02-21 10:30:00,54.802,buy
2023-02-23 10:30:00,54.404,sell
2023-03-01 10:30:00,54.027,buy
2023-03-03 11:30:00,55.586,sell
2023-03-03 15:00:00,56.063,buy
2023-03-07 11:30:00,57.941,sell
2023-03-09 14:00:00,58.12,buy
2023-03-10 15:00:00,57.514,sell
2023-03-14 10:30:00,59.65,buy
2023-03-15 15:00:00,59.223,sell
2023-03-16 11:30:00,59.65,buy
2023-03-16 14:00:00,58.865,sell
2023-03-17 14:00:00,59.928,buy
2023-03-21 10:30:00,59.521,sell
2023-03-22 10:30:00,60.524,buy
2023-03-23 14:00:00,61.746,sell
2023-03-24 10:30:00,61.16,buy
2023-03-24 11:30:00,61.239,sell
2023-03-29 14:00:00,60.703,buy
2023-03-31 10:30:00,59.898,sell
2023-04-03 11:30:00,61.021,buy
2023-04-06 10:30:00,63.674,sell
2023-04-06 11:30:00,64.558,buy
2023-04-07 10:30:00,63.534,sell
2023-04-10 11:30:00,63.982,buy
2023-04-10 14:00:00,63.534,sell
2023-04-12 14:00:00,62.799,buy
2023-04-13 11:30:00,61.696,sell
2023-04-14 14:00:00,62.253,buy
2023-04-18 11:30:00,59.819,sell
2023-04-20 14:00:00,59.729,buy
2023-04-20 15:00:00,60.435,sell
2023-04-21 10:30:00,58.686,buy
2023-04-21 11:30:00,58.348,sell
2023-04-25 11:30:00,56.58,buy
2023-04-25 14:00:00,56.361,sell
2023-04-25 15:00:00,56.431,buy
2023-04-26 11:30:00,55.368,sell
2023-04-26 14:00:00,56.063,buy
2023-05-05 14:00:00,57.693,sell
2023-05-09 11:30:00,58.776,buy
2023-05-10 14:00:00,58.835,sell
2023-05-11 10:30:00,60.236,buy
2023-05-12 11:30:00,59.332,sell
2023-05-16 10:30:00,59.67,buy
2023-05-17 14:00:00,59.133,sell
2023-05-19 14:00:00,58.646,buy
2023-05-22 11:30:00,57.762,sell
2023-05-24 11:30:00,57.792,buy
2023-05-25 14:00:00,56.57,sell
2023-05-26 10:30:00,56.898,buy
2023-05-29 14:00:00,57.007,sell
2023-05-31 10:30:00,57.156,buy
2023-06-01 14:00:00,57.464,sell
2023-06-07 14:00:00,53.669,buy
2023-06-14 15:00:00,53.671,sell
2023-06-16 10:30:00,54.119,buy
2023-06-16 11:30:00,54.04,sell
2023-06-20 15:00:00,53.172,buy
2023-06-21 11:30:00,51.995,sell
2023-06-26 14:00:00,51.945,buy
2023-06-28 15:00:00,51.935,sell
2023-06-29 15:00:00,52.683,buy
2023-06-30 11:30:00,52.434,sell
2023-07-03 11:30:00,53.062,buy
2023-07-05 10:30:00,53.99,sell
2023-07-05 11:30:00,53.98,buy
2023-07-05 14:00:00,53.631,sell
2023-07-07 11:30:00,53.551,buy
2023-07-10 14:00:00,53.461,sell
2023-07-12 11:30:00,54.04,buy
2023-07-14 10:30:00,53.81,sell
2023-07-18 10:30:00,54.329,buy
2023-07-19 14:00:00,53.75,sell
2023-07-20 11:30:00,54.05,buy
2023-07-20 15:00:00,53.591,sell
2023-07-21 11:30:00,54.03,buy
2023-07-26 11:30:00,54.678,sell
2023-07-27 11:30:00,55.745,buy
2023-07-27 15:00:00,55.206,sell
2023-07-28 15:00:00,56.194,buy
2023-08-01 11:30:00,56.074,sell
2023-08-03 15:00:00,55.565,buy
2023-08-08 10:30:00,55.266,sell
2023-08-08 15:00:00,55.625,buy
2023-08-09 15:00:00,55.366,sell
2023-08-14 14:00:00,54.249,buy
2023-08-17 10:30:00,54.159,sell
2023-08-21 14:00:00,54.399,buy
2023-08-22 10:30:00,53.641,sell
2023-08-23 10:30:00,55.406,buy
2023-08-25 15:00:00,55.156,sell
2023-08-28 14:00:00,56.742,buy
2023-08-29 10:30:00,57.041,sell
2023-08-29 11:30:00,57.43,buy
2023-08-31 14:00:00,58.338,sell
2023-09-04 15:00:00,58.278,buy
2023-09-05 14:00:00,57.53,sell
2023-09-08 15:00:00,55.276,buy
2023-09-12 15:00:00,55.047,sell
2023-09-13 11:30:00,54.568,buy
2023-09-13 14:00:00,54.558,sell
2023-09-15 10:30:00,55.097,buy
2023-09-19 14:00:00,55.077,sell
2023-09-20 11:30:00,55.176,buy
2023-09-20 14:00:00,55.406,sell
2023-09-20 15:00:00,55.406,buy
2023-09-22 11:30:00,55.047,sell
2023-09-25 10:30:00,55.635,buy
2023-09-25 14:00:00,55.376,sell
2023-09-28 14:00:00,54.03,buy
2023-10-10 15:00:00,54.099,sell
2023-10-12 14:00:00,54.209,buy
2023-10-13 14:00:00,53.96,sell
2023-10-17 14:00:00,52.075,buy
2023-10-19 14:00:00,51.287,sell
2023-10-20 15:00:00,51.038,buy
2023-10-26 11:30:00,53.451,sell
2023-10-26 14:00:00,53.591,buy
2023-10-27 11:30:00,53.82,sell
2023-11-01 11:30:00,53.441,buy
2023-11-06 10:30:00,54.558,sell
2023-11-06 14:00:00,54.129,buy
2023-11-06 15:00:00,54.139,sell
2023-11-10 11:30:00,52.115,buy
2023-11-14 15:00:00,52.045,sell
2023-11-17 14:00:00,51.906,buy
2023-11-21 15:00:00,53.431,sell
2023-11-24 15:00:00,51.826,buy
2023-11-27 10:30:00,51.377,sell
2023-11-28 14:00:00,49.771,buy
2023-11-29 11:30:00,48.475,sell
2023-11-30 15:00:00,46.83,buy
2023-12-05 11:30:00,45.912,sell
2023-12-07 14:00:00,45.324,buy
2023-12-13 11:30:00,45.922,sell
2023-12-15 14:00:00,45.254,buy
2023-12-18 11:30:00,44.845,sell
2023-12-19 14:00:00,44.686,buy
2023-12-21 11:30:00,44.825,sell
2023-12-25 14:00:00,44.007,buy
2023-12-26 11:30:00,43.18,sell
2023-12-27 14:00:00,43.03,buy
2024-01-02 11:30:00,44.037,sell
2024-01-05 11:30:00,43.15,buy
2024-01-05 15:00:00,42.821,sell
2024-01-10 10:30:00,40.936,buy
2024-01-15 10:30:00,40.996,sell
2024-01-15 11:30:00,41.205,buy
2024-01-17 14:00:00,41.325,sell
2024-01-19 14:00:00,40.348,buy
2024-01-23 11:30:00,39.64,sell
2024-01-25 10:30:00,41.335,buy
2024-01-29 10:30:00,40.806,sell
2024-01-31 15:00:00,37.735,buy
2024-02-02 10:30:00,37.376,sell
2024-02-02 11:30:00,36.768,buy
2024-02-02 14:00:00,36.379,sell
2024-02-05 10:30:00,35.292,buy
2024-02-05 11:30:00,35.98,sell
2024-02-05 14:00:00,38.293,buy
2024-02-08 11:30:00,40.896,sell
2024-02-21 14:00:00,41.135,buy
2024-02-23 11:30:00,40.328,sell
2024-02-26 14:00:00,41.265,buy
2024-02-28 14:00:00,41.295,sell
2024-02-29 15:00:00,42.731,buy
2024-03-04 11:30:00,42.562,sell
2024-03-06 15:00:00,41.644,buy
2024-03-07 11:30:00,41.385,sell
2024-03-08 11:30:00,41.135,buy
2024-03-13 11:30:00,41.923,sell
2024-03-18 10:30:00,41.225,buy
2024-03-20 10:30:00,41.026,sell
2024-03-21 15:00:00,41.614,buy
2024-03-22 11:30:00,40.388,sell
2024-03-26 15:00:00,39.52,buy
2024-03-28 11:30:00,39.59,sell
2024-03-28 14:00:00,39.311,buy
2024-03-28 15:00:00,39.171,sell
2024-04-01 10:30:00,39.739,buy
2024-04-02 15:00:00,39.101,sell
2024-04-03 15:00:00,39.101,buy
2024-04-08 10:30:00,38.453,sell
2024-04-09 14:00:00,39.001,buy
2024-04-15 15:00:00,39.809,sell
2024-04-17 14:00:00,39.69,buy
2024-04-19 10:30:00,38.652,sell
2024-04-24 14:00:00,37.057,buy
2024-04-30 14:00:00,36.668,sell
2024-05-06 11:30:00,37.286,buy
2024-05-08 11:30:00,36.588,sell
2024-05-09 15:00:00,39.45,buy
2024-05-13 14:00:00,38.573,sell
2024-05-17 11:30:00,37.954,buy
2024-05-21 11:30:00,37.835,sell
2024-05-22 14:00:00,38.283,buy
2024-05-23 11:30:00,37.745,sell
2024-05-27 14:00:00,37.695,buy
2024-05-29 14:00:00,37.356,sell
2024-05-30 14:00:00,38.443,buy
2024-06-03 14:00:00,38.104,sell
2024-06-05 11:30:00,37.895,buy
2024-06-06 10:30:00,37.735,sell
2024-06-06 15:00:00,37.705,buy
2024-06-07 10:30:00,37.705,sell
2024-06-07 11:30:00,37.216,buy
2024-06-07 14:00:00,36.957,sell
2024-06-11 14:00:00,38.094,buy
2024-06-14 11:30:00,38.682,sell
2024-06-17 14:00:00,39.54,buy
2024-06-18 14:00:00,38.92,sell
2024-06-20 11:30:00,40.94,buy
2024-06-21 14:00:00,40.77,sell
2024-06-21 15:00:00,40.99,buy
2024-06-24 14:00:00,40.88,sell
2024-06-24 15:00:00,40.11,buy
2024-06-25 10:30:00,39.73,sell
2024-06-27 10:30:00,38.04,buy
2024-06-27 14:00:00,37.51,sell
2024-06-28 11:30:00,37.8,buy
2024-07-01 11:30:00,37.2,sell
2024-07-01 15:00:00,37.65,buy
2024-07-04 10:30:00,37.06,sell
2024-07-08 10:30:00,37.37,buy
2024-07-11 14:00:00,38.72,sell
2024-07-16 15:00:00,38.55,buy
2024-07-17 11:30:00,38.14,sell
2024-07-17 14:00:00,38.21,buy
2024-07-18 11:30:00,37.79,sell
2024-07-18 15:00:00,38.0,buy
2024-07-23 11:30:00,39.2,sell
2024-07-26 10:30:00,37.74,buy
2024-07-29 15:00:00,37.6,sell
2024-07-30 14:00:00,38.19,buy
2024-08-02 10:30:00,40.21,sell
2024-08-07 10:30:00,38.97,buy
2024-08-09 14:00:00,38.34,sell
2024-08-14 14:00:00,36.27,buy
2024-08-15 10:30:00,36.58,sell
2024-08-15 11:30:00,36.44,buy
2024-08-19 15:00:00,36.35,sell
2024-08-22 14:00:00,34.05,buy
2024-08-27 14:00:00,33.98,sell
2024-08-29 10:30:00,34.72,buy
2024-09-02 10:30:00,35.51,sell
2024-09-03 11:30:00,35.55,buy
2024-09-03 15:00:00,35.74,sell
2024-09-04 10:30:00,35.73,buy
2024-09-06 11:30:00,35.38,sell
2024-09-10 15:00:00,35.26,buy
2024-09-12 10:30:00,35.05,sell
2024-09-12 11:30:00,34.99,buy
2024-09-13 10:30:00,34.78,sell
2024-09-18 10:30:00,33.95,buy
2024-09-18 11:30:00,34.29,sell
2024-09-18 14:00:00,34.42,buy
2024-09-20 11:30:00,34.02,sell
2024-09-23 14:00:00,34.3,buy
2024-10-09 11:30:00,59.88,sell
2024-10-14 15:00:00,51.98,buy
2024-10-16 11:30:00,49.42,sell
2024-10-18 11:30:00,48.74,buy
2024-10-22 14:00:00,52.72,sell
2024-10-25 11:30:00,52.82,buy
2024-10-28 14:00:00,52.0,sell
2024-10-31 11:30:00,50.29,buy
2024-11-04 10:30:00,49.45,sell
2024-11-05 11:30:00,50.66,buy
2024-11-08 15:00:00,53.21,sell
2024-11-11 14:00:00,56.59,buy
2024-11-12 15:00:00,56.13,sell
2024-11-15 14:00:00,54.29,buy
2024-11-18 10:30:00,52.0,sell
2024-11-18 14:00:00,51.63,buy
2024-11-18 15:00:00,51.25,sell
2024-11-19 15:00:00,53.35,buy
2024-11-21 14:00:00,52.07,sell
2024-11-26 10:30:00,49.45,buy
2024-11-29 10:30:00,49.42,sell
2024-11-29 14:00:00,50.84,buy
2024-12-02 15:00:00,50.35,sell
2024-12-06 14:00:00,50.1,buy
2024-12-09 15:00:00,49.45,sell
2024-12-10 11:30:00,50.4,buy
2024-12-10 15:00:00,49.48,sell
2024-12-13 11:30:00,48.54,buy
2024-12-17 10:30:00,48.08,sell
2024-12-18 11:30:00,48.08,buy
2024-12-19 11:30:00,47.18,sell
2024-12-20 11:30:00,48.77,buy
2024-12-23 14:00:00,47.54,sell
2024-12-25 10:30:00,47.17,buy
2024-12-25 11:30:00,46.99,sell
2024-12-26 11:30:00,47.33,buy
2024-12-30 11:30:00,47.6,sell
2024-12-31 10:30:00,47.34,buy
2024-12-31 11:30:00,47.4,sell
2025-01-03 11:30:00,46.6,buy
2025-01-07 11:30:00,45.25,sell
2025-01-08 10:30:00,45.22,buy
2025-01-08 14:00:00,46.19,sell
2025-01-08 15:00:00,46.06,buy
