Unnamed: 0,time,open,high,low,close,volume,EMA,DIF,DEA,MACD,MinLow,MaxHigh,RSV,K,D,J,MA_5,MA_10,MA_60
0,2021-03-25 10:30:00,3355.07,3381.22,3344.97,3373.8,14014886,3373.8,0.0,0.0,0.0,3344.97,3381.22,79.53103448275968,50.0,50.0,50.0,,,
1,2021-03-25 11:30:00,3373.76,3382.23,3362.19,3366.64,4813183,3373.26962962963,-0.5711680911681469,-0.11423361823362939,-0.9138689458690351,3344.97,3382.23,58.15888352120222,52.71962784040074,50.90654261346691,56.345798294268405,,,
2,2021-03-25 14:00:00,3366.86,3379.2,3364.67,3366.07,4501633,3372.736323731139,-1.057625506286513,-0.30291199584420614,-1.5094270208846137,3344.97,3382.23,56.62909286097756,54.02278284725968,51.9452893580645,58.17776982565002,,,
3,2021-03-25 15:00:00,3365.65,3368.17,3357.56,3363.59,5692642,3372.0588182695733,-1.624535156237016,-0.5672366279227681,-2.114597056628496,3344.97,3382.23,49.973161567365096,52.67290908729481,52.187829267807935,53.64306872626857,,,
4,2021-03-26 10:30:00,3373.32,3395.06,3373.32,3386.7,12234412,3373.143350249605,-0.20664915370525705,-0.49511913307926586,0.5769399587480176,3344.97,3395.06,83.31004192453562,62.885286699708416,55.75364841177476,77.14856327557573,3371.3599999999997,,
5,2021-03-26 11:30:00,3386.89,3415.41,3383.58,3409.77,6847277,3375.8564354163013,2.7469270494598277,0.15329010342855287,5.187273892062549,3344.97,3415.41,91.99318568994907,72.5879196964553,61.36507217333494,95.03361474269605,3378.554,,
6,2021-03-26 14:00:00,3410.61,3418.23,3410.09,3417.56,5675137,3378.945588348427,5.651102968755822,1.2528526764940067,8.796500584523631,3344.97,3418.23,99.08544908544899,81.42042949278652,68.0501912798188,108.16090591872197,3388.738,,
7,2021-03-26 15:00:00,3417.66,3423.22,3411.85,3418.33,7484034,3381.8629521744692,7.923478940069799,2.5869779292091653,10.673002021721267,3344.97,3423.22,93.75079872204489,85.53055256920598,73.87697837628119,108.8377009550556,3399.19,,
8,2021-03-29 10:30:00,3429.63,3447.3,3409.89,3446.5,15205099,3386.650881643027,11.860713915429187,4.44172512645317,14.837977577952035,3344.97,3447.3,99.21821557705445,90.09310690515547,79.28235455257261,111.71461161032116,3415.772,,
9,2021-03-29 11:30:00,3446.88,3449.83,3435.65,3445.4,6557483,3391.002668187988,14.722528053782298,6.497885711918996,16.449284683726603,3357.56,3449.83,95.19887287309002,91.79502889446698,83.45324599987073,108.47859468365945,3427.5119999999997,3399.436,
10,2021-03-29 14:00:00,3446.13,3446.81,3427.08,3432.35,5313308,3394.0654335073964,15.755886389486477,8.349485847432492,14.81280108410797,3357.56,3449.83,81.05559770239512,88.21521849710969,85.04057016561705,94.56451516009497,3432.028,3405.291,
11,2021-03-29 15:00:00,3432.26,3438.53,3428.26,3435.3,5718520,3397.119845840182,16.621270995642135,10.00384287707442,13.234856237135428,3357.56,3449.83,84.25273653408503,86.89439117610146,85.6585105024452,89.366152523414,3435.5759999999996,3412.157,
12,2021-03-30 10:30:00,3432.53,3450.0,3423.32,3449.9,13748191,3401.029486889057,18.27453504894811,11.65798131144916,13.233107474997901,3373.32,3450.0,99.86958789775703,91.21945674998665,87.51215925162568,98.6340517467086,3441.8900000000003,3420.54,
13,2021-03-30 11:30:00,3449.68,3457.63,3444.05,3455.44,6801244,3405.059895267645,19.803507910667122,13.287086631292752,13.03284255874874,3383.58,3457.63,97.0425388251181,93.16048410836379,89.39493420387171,100.69158391734794,3443.678,3429.725,
14,2021-03-30 14:00:00,3455.44,3457.61,3444.03,3444.91,5769348,3408.011754877449,19.935740119583897,14.616817328950981,10.637845581265832,3409.89,3457.63,73.35567658148263,86.5588815994034,88.44958333571562,82.77747812677896,3443.5800000000004,3435.546,
15,2021-03-30 15:00:00,3444.79,3456.68,3444.34,3456.68,6843781,3411.6168100717123,20.751070310392606,15.843667925239306,9.814804770306601,3409.89,3457.63,98.01005446166681,90.37593922015787,89.09170196386303,92.94441373274756,3448.446,3440.237,
16,2021-03-31 10:30:00,3452.21,3452.21,3426.28,3432.47,14368656,3413.161490807141,19.222100285409397,16.519354397273325,5.405491776272143,3409.89,3457.63,47.2978634268953,76.01658062240368,84.73332818337659,58.583085500457855,3447.88,3441.728,
17,2021-03-31 11:30:00,3431.91,3435.62,3420.83,3435.46,5767713,3414.8132322288347,18.043652541784923,16.824214026175646,2.438877031218553,3420.83,3457.63,39.755434782608795,63.92953200913871,77.79872945863062,36.1911371101549,3444.9919999999997,3443.4410000000003,
18,2021-03-31 14:00:00,3435.68,3439.88,3428.77,3439.88,4861186,3416.6700298415135,17.267334195164494,16.912838059973417,0.7089922703821543,3420.83,3457.63,51.76630434782633,59.87512278870125,71.82419390198748,35.97698056212877,3441.88,3442.779,
19,2021-03-31 15:00:00,3439.81,3444.27,3435.7,3441.91,6419854,3418.5396572606605,16.624266154990437,16.855123678976824,-0.4617150479727741,3420.83,3457.63,57.282608695651696,59.0109514243514,67.55311307610879,41.926628120836625,3441.28,3442.4300000000003,
20,2021-04-01 10:30:00,3444.81,3459.73,3438.83,3454.61,12348690,3421.211534500612,16.944093004939077,16.872917544169276,0.14235092153960238,3420.83,3459.73,86.83804627249388,68.28664970706555,67.7976252864277,69.26469854834124,3440.8659999999995,3444.656,
21,2021-04-01 11:30:00,3454.16,3459.23,3445.3,3450.36,5250407,3423.370680093159,16.662543180768353,16.830842671489094,-0.33659898144148315,3420.83,3459.73,75.91259640102861,70.82863193838656,68.80796083708066,74.86997414099838,3444.4440000000004,3446.1619999999994,
22,2021-04-01 14:00:00,3450.29,3453.26,3443.49,3451.37,4838762,3425.4447037899617,16.332638980284628,16.7312019332482,-0.797125905927146,3420.83,3459.73,78.50899742930564,73.38875376869292,70.33489181428475,79.49647767750926,3447.626,3446.3089999999997,
23,2021-04-01 15:00:00,3451.49,3470.03,3451.13,3466.33,6827332,3428.4732442499644,17.0814304017822,16.801247626955,0.5603655496543993,3420.83,3470.03,92.47967479674746,79.75239411137777,73.47405924664909,92.30906384083511,3452.916,3447.3979999999997,
24,2021-04-02 10:30:00,3472.63,3480.78,3462.83,3476.67,13915231,3432.0433743055223,18.29827347672517,17.100652796909035,2.395241359632273,3420.83,3480.78,93.14428690575461,84.21635837617005,77.05482562315608,98.53942388219801,3459.868,3450.5740000000005,
25,2021-04-02 11:30:00,3477.23,3487.59,3475.41,3481.39,6077744,3435.6986799125207,19.419637441688337,17.564449725864897,3.710375431646881,3420.83,3487.59,90.71300179748314,86.38190618327441,80.16385247652886,98.81801359676552,3465.2239999999997,3453.0450000000005,
26,2021-04-02 14:00:00,3482.13,3482.93,3468.87,3472.47,5313483,3438.422481400482,19.365325591541023,17.924624899000122,2.8814013850818014,3428.77,3487.59,74.29445766745954,82.35275667800279,80.8934872103535,85.27129561330139,3469.6459999999997,3457.0449999999996,
27,2021-04-02 15:00:00,3472.42,3484.61,3471.94,3484.39,6488861,3441.827482778224,20.052969291949466,18.350293777589993,3.405351028718947,3435.7,3487.59,93.83310849874687,86.17954061825083,82.65550501298594,93.2276118287806,3476.25,3461.9379999999996,
28,2021-04-06 10:30:00,3491.63,3493.28,3472.53,3482.68,13481486,3444.853595165022,20.226787355893975,18.72559249325079,3.0023897252863705,3438.83,3493.28,80.53259871441632,84.29722665030599,83.20274555875929,86.48618883339938,3479.5199999999995,3466.218,
29,2021-04-06 11:30:00,3483.18,3483.83,3471.76,3473.32,5164711,3446.962217745391,19.385798233845435,18.85763364136972,1.05632918495143,3443.49,3493.28,59.91162884113302,76.16869404724834,80.85806172158897,66.78995869856709,3478.85,3469.3589999999995,
30,2021-04-06 14:00:00,3474.26,3480.56,3472.3,3480.36,4373636,3449.4361275420288,19.067578286556,18.899622570406976,0.33591143229804743,3443.49,3493.28,74.05101425989162,75.46280078479609,79.05964140932467,68.26911953573892,3478.6440000000002,3471.9339999999997,
31,2021-04-06 15:00:00,3480.43,3486.76,3476.63,3482.97,5613132,3451.920118094471,18.809171452792725,18.88153234688413,-0.14472178818280668,3451.13,3493.28,75.53973902728262,75.48844686562492,77.86924322809142,70.72685414069193,3480.7439999999997,3475.1949999999997,
32,2021-04-07 10:30:00,3483.42,3483.42,3456.88,3462.85,14707218,3452.729738976362,16.78735217901476,18.462696313310254,-3.350688268590986,3456.88,3493.28,16.401098901098308,55.79266421078272,70.51038355565518,26.357225521037776,3476.436,3476.343,
33,2021-04-07 11:30:00,3462.73,3464.63,3453.19,3464.54,5360363,3453.604573126261,15.146811697519297,17.799519390152064,-5.305415385265533,3453.19,3493.28,28.311299575953775,46.632209332506406,62.55099214793893,14.794643701641348,3472.808,3476.1639999999998,
34,2021-04-07 14:00:00,3464.42,3471.34,3460.79,3471.34,5594280,3454.9183084502415,14.231324862188103,17.085880484559272,-5.709111244742338,3453.19,3493.28,45.27313544524825,46.179184703420354,57.093722999766065,24.350108110728925,3472.4119999999994,3475.631,
35,2021-04-07 15:00:00,3470.88,3479.63,3469.6,3479.63,6703235,3456.7488041205943,14.013193297615544,16.471343047170528,-4.916299499109968,3453.19,3493.28,65.95160888001985,52.76999276228685,55.65247958727299,47.00501911231456,3472.2659999999996,3475.4550000000004,
36,2021-04-08 10:30:00,3467.49,3480.64,3459.32,3472.39,15135514,3457.9074112227727,13.105048131097192,15.79808406395586,-5.386071865717337,3453.19,3493.28,47.89224245447679,51.14407599301683,54.1496783891876,45.13287120067528,3470.15,3475.447,
37,2021-04-08 11:30:00,3472.5,3490.46,3472.49,3486.19,6281753,3460.0024177988635,13.345047808257277,15.307476812816144,-3.9248580091177345,3453.19,3490.46,88.54306412664346,63.610405370892366,57.30325404975585,76.22470801316541,3474.818,3475.6269999999995,
38,2021-04-08 14:00:00,3486.16,3492.86,3483.08,3491.21,5909774,3462.3140905545033,13.781457266906273,15.002272903634172,-2.4416312734557977,3453.19,3492.86,95.84068565666729,74.35383213281733,62.986780077443015,97.08793624356596,3480.1520000000005,3476.4800000000005,
39,2021-04-08 15:00:00,3490.6,3495.91,3480.37,3482.55,7474090,3463.813046809725,13.275493654544334,14.656917053816205,-2.762846798543741,3453.19,3495.91,68.72659176030025,72.4780853419783,66.15054849895478,85.13315902802535,3482.3940000000002,3477.403,
40,2021-04-09 10:30:00,3475.44,3475.45,3453.67,3458.72,13768748,3463.435784083079,10.826827078994938,13.890899058851952,-6.128143959714027,3453.19,3495.91,12.94475655430658,52.6336424127544,61.644913136887986,34.61110096448722,3478.2119999999995,3475.239,
41,2021-04-09 11:30:00,3458.77,3459.68,3451.1,3456.74,5143147,3462.939800076925,8.62702475252172,12.838124197585907,-8.422198890128374,3451.1,3495.91,12.58647623298344,39.28458701949741,54.19147109775779,9.470818862976643,3475.082,3472.6160000000004,
42,2021-04-09 14:00:00,3456.48,3457.66,3442.14,3446.7,5419342,3461.736851923079,6.004307547991175,11.471360867666961,-10.934106639351572,3442.14,3495.91,8.480565371024637,29.016579803339816,45.799840666285135,-4.549941922550829,3467.184,3471.001,
43,2021-04-09 15:00:00,3445.89,3456.86,3442.21,3450.68,6310984,3460.9178258547026,4.198539851587157,10.016796664451,-11.636513625727687,3442.14,3495.91,15.882462339594507,24.638540648758045,38.74607399377611,-3.576526041278072,3459.078,3469.6149999999993,
44,2021-04-12 10:30:00,3445.97,3456.16,3426.63,3428.34,14078474,3458.504653569169,0.9538097207682767,8.204199275714455,-14.500779109892356,3426.63,3495.91,2.4682448036952116,17.248442033737103,31.580196673763105,-11.415067246314905,3448.236,3465.315,
45,2021-04-12 11:30:00,3428.16,3429.47,3413.93,3422.7,6426504,3455.8524570084896,-2.0491419170043628,6.1535310371706915,-16.405345908350107,3413.93,3495.91,10.697731153939962,15.06487174047139,26.075088362665866,-6.955561503917565,3441.032,3459.6220000000003,
46,2021-04-12 14:00:00,3422.69,3431.64,3415.46,3416.26,5581438,3452.919682415268,-4.892261953241814,3.9443724390881907,-17.67326878466001,3413.93,3495.91,2.842156623567189,10.990633368169988,21.046936697833907,-9.12197329115785,3432.936,3454.0090000000005,
47,2021-04-12 15:00:00,3416.54,3419.06,3403.9,3412.95,7802614,3449.9589651993224,-7.328070962223137,1.689883758825925,-18.035909442098124,3403.9,3495.91,9.835887403542822,10.605718046627599,17.566530480765138,-3.3159068216474807,3426.186,3446.685,
48,2021-04-13 10:30:00,3411.29,3423.76,3406.4,3422.05,12655526,3447.8916344438167,-8.42703162780981,-0.33349931850122205,-16.18706461861718,3403.9,3475.45,25.36687631027276,15.526104134509318,16.886388365346534,12.805535672834885,3420.46,3439.7690000000002,
49,2021-04-13 11:30:00,3422.01,3425.39,3410.83,3412.67,4934260,3445.2826244850157,-9.94026825608671,-2.2548531060183197,-15.370830300136781,3403.9,3459.68,15.722481176048802,15.591563148355812,16.45477995968296,13.86512952570152,3417.326,3432.781,
50,2021-04-13 14:00:00,3412.96,3413.08,3391.24,3395.28,5479586,3441.578726375015,-12.399809565920805,-4.283844397998816,-16.231930335843977,3391.24,3457.66,6.082505269497763,12.421877188736463,15.110479036034127,7.04467349414114,3411.8419999999996,3426.4370000000004,
51,2021-04-13 15:00:00,3395.41,3399.43,3387.9,3396.47,5984613,3438.2373392361246,-14.090563474583178,-6.245188213315689,-15.690750522534977,3387.9,3456.86,12.427494199535534,12.423749525669487,14.214902532579247,8.84144351184997,3407.8840000000005,3420.41,
52,2021-04-14 10:30:00,3397.02,3413.85,3397.02,3409.78,10655318,3436.129388181597,-14.192885614138504,-7.834727693480253,-12.716315841316502,3387.9,3456.16,32.05391151479664,18.967136855378538,15.79898064017901,25.30344928577759,3407.25,3416.718,
53,2021-04-14 11:30:00,3409.55,3413.47,3392.98,3401.72,5312655,3433.5805446125896,-14.754273209356143,-9.218636796655431,-11.071272825401422,3387.9,3431.64,31.595793324187877,23.176689011648318,18.258216764002114,33.01363350694072,3403.184,3411.822,
54,2021-04-14 14:00:00,3402.21,3416.04,3398.62,3416.04,4986578,3432.281245011657,-13.88363074738254,-10.151635586800854,-7.463990321163372,3387.9,3431.64,64.33470507544584,36.89602769958083,24.470820409195017,61.74644228035245,3403.858,3410.5919999999996,
55,2021-04-14 15:00:00,3415.99,3420.03,3409.09,3416.72,5946454,3431.1285601959785,-12.9890404339003,-10.719116556220744,-4.539847755359112,3387.9,3425.39,76.87383302213891,50.221962807100184,33.054534541830066,84.55681933764043,3408.1459999999997,3409.994,
56,2021-04-15 10:30:00,3409.61,3409.61,3383.11,3384.08,11783270,3427.643481662943,-14.743888018107555,-11.524070848598107,-6.439634339018895,3383.11,3425.39,2.2942289498576294,34.24605152135267,33.451706868337595,35.83474082738282,3405.668,3406.7760000000003,
57,2021-04-15 11:30:00,3384.41,3385.16,3373.09,3376.3,4891263,3423.8402607990215,-16.571373868775936,-12.533531452633673,-8.075684832284526,3373.09,3425.39,6.137667304015397,24.876590115573578,30.593334617416254,13.443101111888225,3398.972,3403.111,
58,2021-04-15 14:00:00,3376.67,3395.54,3376.55,3391.89,4542462,3421.4735748139087,-16.57067048831641,-13.34095925977022,-6.45942245709238,3373.09,3420.03,40.05112910097935,29.934769777375504,30.373813004069337,29.056683323987833,3397.006,3400.095,
59,2021-04-15 15:00:00,3391.98,3399.75,3387.36,3398.99,6039923,3419.8081248276935,-15.81489809065397,-13.83574702594697,-3.9583021294139975,3373.09,3420.03,55.17682147422157,38.34878700965753,33.032137672598736,48.98208568377511,3393.596,3398.727,3436.6893333333333
60,2021-04-16 10:30:00,3407.19,3413.11,3394.13,3410.27,12177675,3419.101597062679,-14.142712900568313,-13.89714020087124,-0.4911453993941457,3373.09,3420.03,79.20749893480995,51.968357651375,39.34421099885749,77.21665095641,3392.3059999999996,3400.226,3437.2971666666667
61,2021-04-16 11:30:00,3409.88,3416.09,3401.08,3414.74,5427657,3418.778515798777,-12.314844584683215,-13.580681077633635,2.5316729859008404,3373.09,3420.03,88.73029399232976,64.22233643169325,47.63691947646941,97.39317034214095,3398.4379999999996,3402.053,3438.098833333333
62,2021-04-16 14:00:00,3414.92,3432.63,3413.84,3430.08,5586170,3419.6156627766454,-9.518710210873905,-12.768286904281691,6.499153386815571,3373.09,3432.63,95.71716493113843,74.72061259817497,56.66481718370459,110.83220342711572,3409.1939999999995,3404.083,3439.1656666666668
63,2021-04-16 15:00:00,3430.29,3431.41,3422.91,3426.62,6403606,3420.134502570968,-7.495542707622917,-11.713738064949936,8.436390714654038,3373.09,3432.63,89.90594558280111,79.78239025971702,64.37067487570873,110.60582102773358,3416.1400000000003,3406.5729999999994,3440.2161666666666
64,2021-04-19 10:30:00,3427.55,3466.65,3414.36,3463.85,15003343,3423.372687565711,-2.855106142880686,-9.942011680536087,14.173811075310802,3373.09,3466.65,97.00726806327471,85.52401619423625,71.42178864855123,113.7284712856063,3429.1119999999996,3411.3539999999994,3441.502
65,2021-04-19 11:30:00,3463.84,3473.6,3463.84,3471.17,7044399,3426.9132292275103,1.3970319764234773,-7.674202949144174,18.142469851135303,3373.09,3473.6,97.5823301164065,89.543454168293,77.46234382179848,113.705674861282,3441.292,3416.799,3442.525333333333
66,2021-04-19 14:00:00,3471.41,3472.9,3461.48,3468.91,6351821,3430.024101136584,4.532273728283599,-5.23290761365862,19.530362683884437,3376.55,3473.6,95.16743946419365,91.41811593359321,82.11426785906339,110.02581208265289,3452.1259999999993,3425.282,3443.3811666666666
67,2021-04-19 15:00:00,3468.58,3479.01,3466.85,3477.55,8447682,3433.5445380894294,7.626240642381163,-2.6610779624506637,20.574637209663653,3387.36,3479.01,98.4069830878341,93.74773831834017,85.99209134548897,109.25903226404256,3461.62,3435.407,3444.3681666666666
68,2021-04-20 10:30:00,3467.15,3486.34,3463.46,3481.63,15230345,3437.106424156879,10.288850154653119,-0.07109233902990697,20.71988498736605,3394.13,3486.34,94.89209413295734,94.12919025654588,88.7044576491746,104.97865547128845,3472.6220000000003,3444.381,3444.953666666667
69,2021-04-20 11:30:00,3482.32,3489.8,3474.35,3487.6,6634962,3440.846689034147,12.733927690995642,2.4899116669752033,20.48803204804088,3401.08,3489.8,97.52028854824137,95.25955635377771,90.88949055070897,103.99968795991518,3477.3720000000003,3453.2419999999997,3445.657
70,2021-04-20 14:00:00,3487.6,3494.3,3484.6,3487.06,6353015,3444.2698972538396,14.461393821281035,4.88420809783637,19.15437144688933,3413.84,3494.3,91.0017399950283,93.84028423419457,91.87308844520416,97.77467581217542,3480.55,3460.921,3446.5688333333333
71,2021-04-20 15:00:00,3487.02,3487.02,3470.74,3472.94,7679954,3446.39360856837,14.523637725962999,6.812094023461697,15.423087405002605,3414.36,3494.3,73.27995996997734,86.98684281278884,90.24433990106571,80.47184863623508,3481.3559999999998,3466.7409999999995,3447.1961666666666
72,2021-04-21 10:30:00,3456.3,3467.42,3450.11,3462.52,14780735,3447.5881560818243,13.575667705688375,8.164808759907032,10.821717891562685,3414.36,3494.3,60.24518388791571,78.0729565044978,86.18721210220974,61.844445309073905,3478.35,3469.9849999999997,3447.4064999999996
73,2021-04-21 11:30:00,3462.39,3479.35,3462.39,3478.06,5523657,3449.845329705393,13.917905807117677,9.315428169349161,9.204955275537031,3450.11,3494.3,63.24960398280105,73.13183899726555,81.83542106722834,55.72467485733995,3477.636,3475.129,3447.7834999999995
74,2021-04-21 14:00:00,3478.06,3479.95,3471.28,3475.3,5406639,3451.730860838327,13.807261518412815,10.213794839161892,7.186933358501847,3450.11,3494.3,57.00384702421367,67.75584167291493,77.14222793579053,48.98306914716372,3475.1760000000004,3476.274,3448.29
75,2021-04-21 15:00:00,3475.08,3481.25,3470.05,3472.93,6680381,3453.3011674428953,13.374166858961416,10.845869243121797,5.056595231679239,3450.11,3494.3,51.6406426793385,62.38410867505612,72.22285484887905,42.706616327410245,3472.35,3476.45,3448.5608333333334
76,2021-04-22 10:30:00,3482.83,3485.36,3463.1,3475.36,13989616,3454.9351550397178,13.076281677237603,11.291951729944959,3.568659894585288,3450.11,3494.3,57.13962434940024,60.635947233170825,68.36055231030964,45.186737078893174,3472.834,3477.095,3449.275666666667
77,2021-04-22 11:30:00,3474.73,3478.58,3468.95,3471.23,5808789,3456.1421805923314,12.364419706630997,11.506445325282169,1.715948762697657,3450.11,3494.3,47.79361846571592,56.35517097735252,64.35875853265728,40.34799586674302,3474.5759999999996,3476.4629999999997,3449.871833333333
78,2021-04-22 14:00:00,3472.39,3472.41,3464.14,3466.47,5204262,3456.907204252159,11.286072923885968,11.462370845002928,-0.3525958422339208,3450.11,3494.3,37.02195066757106,49.910764207425366,59.54276042424664,30.64677177378283,3472.2580000000003,3474.947,3450.315
79,2021-04-22 15:00:00,3466.47,3466.47,3456.32,3465.11,6705433,3457.514818751999,10.204108089269994,11.210718293856342,-2.013220409172696,3450.11,3487.02,40.639393118396264,46.820307177748994,55.30194267541409,29.85703618241881,3470.22,3472.6979999999994,3450.701666666667
80,2021-04-23 10:30:00,3462.09,3480.19,3456.33,3476.05,13695773,3458.8877951407394,10.112835263411398,10.991141687767355,-1.7566128487119137,3450.11,3485.36,73.58865248226965,55.743088945922544,55.44899143225024,56.33128397326715,3470.844,3471.597,3451.059
81,2021-04-23 11:30:00,3475.86,3482.36,3465.28,3466.68,6885190,3459.464995500685,9.17861484128889,10.628636318471663,-2.9000429543655457,3456.32,3485.36,35.6749311294755,49.05370300710686,53.31722862386911,40.52665177358236,3469.108,3470.971,3451.3309999999997
82,2021-04-23 14:00:00,3466.68,3469.46,3457.46,3464.54,5192599,3459.8409217598933,8.17136391408485,10.137181837594301,-3.931635847018903,3456.32,3485.36,28.305785123966288,42.13773037939333,49.59072920904385,27.231732720092296,3467.7699999999995,3471.173,3451.5505
83,2021-04-23 15:00:00,3465.15,3474.17,3460.29,3474.17,6528029,3460.902334962864,8.057291376655485,9.72120374540654,-3.327824737502109,3456.32,3485.36,61.4669421487601,48.58080096918225,49.25408646242332,47.23422998270013,3469.31,3470.7840000000006,3451.681166666667
84,2021-04-26 10:30:00,3484.11,3497.12,3472.34,3490.73,16577529,3463.111791632282,9.197122962696085,9.616387588864448,-0.8385292523367269,3456.32,3497.12,84.33823529411785,60.49994574416078,53.00270622300248,75.4944247864774,3474.4339999999997,3472.3269999999998,3451.9155
85,2021-04-26 11:30:00,3491.97,3495.79,3479.65,3480.68,7135554,3464.413140400261,9.183633487797124,9.529836768650984,-0.6924065617077204,3456.32,3497.12,59.705882352940776,60.23525794708745,55.41355679769747,69.8786602458674,3475.3599999999997,3473.102,3451.903666666666
86,2021-04-26 14:00:00,3480.75,3483.15,3453.65,3458.14,6869994,3463.948463333575,7.270345340935819,9.077938483107951,-3.615186284344265,3453.65,3497.12,10.328962502875092,43.599826132349996,51.47564657591497,27.84818524522005,3473.6520000000005,3471.38,3451.6648333333337
87,2021-04-26 15:00:00,3458.25,3458.46,3438.57,3441.17,8233087,3462.2611697533102,4.334745278968512,8.129299842280064,-7.589109126623104,3438.57,3497.12,4.440649017933255,30.54676709421108,44.499353415347,2.641594451939241,3468.978,3468.374,3450.9444999999996
88,2021-04-27 10:30:00,3440.09,3442.03,3421.21,3421.64,14555804,3459.252194216028,0.42742619590035247,6.588925113004122,-12.32299783420754,3421.21,3497.12,0.5664602819125769,20.553331490111578,36.51734610693519,-11.374697743535648,3458.472,3463.8910000000005,3449.927166666667
89,2021-04-27 11:30:00,3421.32,3430.61,3417.26,3422.52,6076540,3456.5312909407667,-2.5685352075965966,4.757433048883978,-14.65193651296115,3417.26,3497.12,6.586526421236896,15.897729800486685,29.64414067145236,-11.595091941444664,3444.8300000000004,3459.632,3449.0804999999996
90,2021-04-27 14:00:00,3422.41,3443.63,3417.43,3442.02,5709910,3455.4563805007097,-3.3309718034120124,3.1397520784247805,-12.941447763673587,3417.26,3497.12,31.004257450538276,20.93323901717055,26.740506786691757,9.318703478128135,3437.0979999999995,3456.2290000000003,3448.4415000000004
91,2021-04-27 15:00:00,3441.6,3443.85,3436.86,3442.61,6362344,3454.504796759916,-3.8432970929720796,1.7431422441454085,-11.172878674234976,3417.26,3497.12,31.743050338091678,24.536509457477592,26.005841010287035,21.597846351858706,3433.9919999999997,3453.822,3447.7688333333335
92,2021-04-28 10:30:00,3432.16,3445.72,3423.32,3445.72,14623694,3453.8540710739967,-3.952802125043945,0.6039533703075378,-9.113510990702967,3417.26,3497.12,35.637365389431125,28.236794768128767,26.749492262900947,31.211399778584415,3434.9019999999996,3451.94,3447.483333333333
93,2021-04-28 11:30:00,3445.58,3451.29,3433.39,3441.1,6310130,3452.9093250685155,-4.362097496324623,-0.3892568030188943,-7.945681386611456,3417.26,3495.79,30.35782503501817,28.9438048570919,27.48092979429793,31.869554982679844,3438.7940000000003,3448.6330000000003,3447.0926666666664
94,2021-04-28 14:00:00,3441.06,3444.61,3436.94,3442.62,6514260,3452.147152841218,-4.511806433979473,-1.21376672921101,-6.596079409536926,3417.26,3483.15,38.48838974047613,32.125333151553306,29.029064246716388,38.31787096122714,3442.814,3443.822,3446.614
95,2021-04-28 15:00:00,3442.75,3457.07,3442.23,3457.07,7518833,3452.511808186313,-3.424976610957401,-1.6560087055602883,-3.5379358107942256,3417.26,3458.46,96.6262135922333,53.625626631779966,37.227918375070914,86.42104314519807,3445.8239999999996,3441.4610000000002,3446.238
96,2021-04-29 10:30:00,3458.08,3473.91,3447.59,3464.43,17023624,3453.394637209549,-1.9473181842481608,-1.714270601297863,-0.46609516590059563,3417.26,3473.91,83.26566637246235,63.505639878674096,45.98715887627198,98.54260188347834,3450.1879999999996,3442.09,3446.1053333333334
97,2021-04-29 11:30:00,3464.14,3466.68,3452.88,3463.1,6686195,3454.1135529718044,-0.8735137965500144,-1.5461192403482933,1.3452108875965578,3417.26,3473.91,80.91791703442186,69.30973226392335,53.7613500054891,100.40649678079184,3453.6639999999998,3444.2830000000004,3445.7205000000004
98,2021-04-29 14:00:00,3464.28,3469.24,3461.67,3468.15,5773583,3455.1532897887078,0.38058951343055014,-1.1607774895925247,3.0827340060461497,3417.43,3473.91,89.8016997167143,76.14038808152033,61.22102936416617,105.97910551622866,3459.0740000000005,3448.9339999999997,3445.3361666666665
99,2021-04-29 15:00:00,3469.05,3478.23,3465.01,3474.9,7677755,3456.6160090636185,1.897273422805938,-0.5491673071128322,4.8928814598375405,3423.32,3478.23,93.93553086869434,82.07210234391167,68.17138702408133,109.87353298357235,3465.53,3454.172,3445.2086666666664
100,2021-04-30 10:30:00,3468.3,3469.09,3449.19,3449.48,17255360,3456.087415799647,1.0361309196350703,-0.2321076617632517,2.5364771627966443,3423.32,3478.23,47.64159533782539,70.59526667521624,68.97934690779296,73.8271062100628,3464.012,3454.918,3445.0546666666664
101,2021-04-30 11:30:00,3449.32,3464.89,3448.14,3457.09,7629402,3456.161681295969,0.9567043895772258,0.005654748504843821,1.902099282144764,3433.39,3478.23,52.85459411240008,64.68170915427751,67.54680098995448,58.951525482923586,3462.5440000000003,3456.3659999999995,3445.0605
102,2021-04-30 14:00:00,3457.09,3457.32,3426.9,3440.01,7636097,3454.9652604592306,-0.4789341099221929,-0.09126302318056352,-0.7753421734832587,3426.9,3478.23,25.540619520748386,51.63467927643447,62.24276041878114,30.41851699174113,3457.9260000000004,3455.7950000000005,3444.949
103,2021-04-30 15:00:00,3440.25,3448.6,3438.21,3446.86,7623373,3454.3648707955836,-1.051825423091941,-0.28337550316283905,-1.5368998398582039,3426.9,3478.23,38.88564192480044,47.385000159223125,57.290173665595134,27.574653146479108,3453.668,3456.371,3444.885333333333
104,2021-05-06 10:30:00,3446.07,3471.24,3446.07,3454.27,19046280,3454.357843329244,-0.897574167905077,-0.4062152361112866,-0.9827178635875808,3426.9,3478.23,53.32164426261432,49.36388152702019,54.64807628607015,38.79549200892026,3449.542,3457.536,3445.3175
105,2021-05-06 11:30:00,3454.15,3456.16,3426.85,3439.12,8045156,3453.2291141937444,-1.9750402879958529,-0.7199802464881999,-2.510120083015306,3426.85,3478.23,23.88088750486562,40.869550186302,50.055234252814095,22.4981820532778,3447.4700000000003,3455.7410000000004,3445.5911666666666
106,2021-05-06 14:00:00,3439.57,3451.29,3437.29,3450.82,5964170,3453.050661290504,-1.8633679856402523,-0.9486577943186104,-1.8294203826432838,3426.85,3478.23,46.65239392759869,42.79716476673423,47.63587775745414,33.1197387852944,3446.2160000000003,3454.38,3446.1671666666666
107,2021-05-06 15:00:00,3450.28,3452.8,3439.43,3441.28,6996908,3452.1787604541705,-2.5156661192859247,-1.2620594593120733,-2.5072133199477027,3426.85,3478.23,28.084857921370688,37.893062484946384,44.38827266661822,24.90264212160271,3446.47,3452.1980000000003,3446.6393333333335
108,2021-05-07 10:30:00,3446.41,3457.04,3438.08,3451.75,16784328,3452.1470004205285,-2.162843675626391,-1.442216302574937,-1.4412547461029077,3426.85,3471.24,56.09371480063113,43.95994659017464,44.24549730780369,43.38884515491654,3447.4480000000003,3450.558,3447.1343333333334
109,2021-05-07 11:30:00,3451.73,3457.89,3447.81,3455.79,8011078,3452.41685224123,-1.5394888416976755,-1.4616708103994849,-0.1556360625963813,3426.85,3471.24,65.19486370804266,51.03825229613065,46.50974897057934,60.095258947233276,3447.7520000000004,3448.647,3447.853
110,2021-05-07 14:00:00,3455.99,3457.41,3428.5,3428.67,7437796,3450.6578261492873,-3.1969801958371136,-1.8087326874870107,-2.776495016700206,3426.85,3471.24,4.100022527596686,35.39217570661933,42.803891215926,20.568744688005978,3445.6620000000003,3446.5660000000003,3448.4095
111,2021-05-07 15:00:00,3428.45,3428.45,3416.78,3418.87,8874681,3448.303172360451,-5.240918092146785,-2.4951697684189655,-5.491496647455639,3416.78,3471.24,3.837679030480549,24.8740101479064,36.8272641932528,0.9675020572135935,3439.272,3442.744,3448.782833333333
112,2021-05-10 10:30:00,3423.59,3429.36,3408.64,3420.91,17408581,3446.2740484818987,-6.619833331795235,-3.3201024810942195,-6.5994617014020305,3408.64,3471.24,19.600638977635782,23.116219757816193,32.256916048107264,4.834827177234047,3435.1980000000003,3440.8340000000003,3448.9683333333332
113,2021-05-10 11:30:00,3420.73,3429.74,3419.25,3420.9,7236275,3444.3944893350913,-7.625538054234767,-4.181189595722329,-6.888696917024875,3408.64,3457.89,24.893401015228868,23.708613510287087,29.40748186883387,12.310876793193529,3429.028,3438.238,3449.288
114,2021-05-10 14:00:00,3421.22,3423.98,3401.93,3412.64,6974568,3442.042304939899,-8.985500009943735,-5.14205167856661,-7.686896662754249,3401.93,3457.89,19.13867047891356,22.185299166495913,27.00008763472122,12.555722230045305,3420.3979999999997,3434.075,3449.2313333333336
115,2021-05-10 15:00:00,3412.72,3427.99,3409.25,3427.99,8352330,3441.0013934628696,-8.724096983676645,-5.858460739588617,-5.731272488176057,3401.93,3457.89,46.568977841315096,30.31319205810231,28.104455775848248,34.730664622610426,3420.2619999999997,3432.9620000000004,3449.4191666666666
116,2021-05-11 10:30:00,3406.6,3412.69,3384.7,3389.23,17741363,3437.166475428583,-11.511839946188957,-6.989136580908685,-9.045406730560543,3384.7,3457.89,6.189370132532035,22.27191808291222,26.16027654486957,14.49520115899751,3414.3340000000003,3426.803,3449.505
117,2021-05-11 11:30:00,3389.31,3419.08,3389.31,3418.89,6324248,3435.8126624338734,-11.198740102616739,-7.831057285250297,-6.735365634732885,3384.7,3457.89,46.71403197158085,30.419289379135094,27.579947489624743,36.097973158155796,3413.9300000000003,3424.564,3450.214833333333
118,2021-05-11 14:00:00,3418.65,3448.1,3416.44,3447.18,7280987,3436.654687438772,-8.569060850785718,-7.978657998357381,-1.1808057048566738,3384.7,3457.41,85.93040847201209,48.92299574342742,34.694296907558964,77.38039341516435,3419.186,3424.107,3451.1363333333334
119,2021-05-11 15:00:00,3447.23,3447.35,3435.25,3441.85,7686029,3437.03952540627,-6.836302908743619,-7.750186980434629,1.8277681433820199,3384.7,3448.1,90.14195583596216,62.66264910760567,44.017080974241196,99.95378537433461,3425.028,3422.7129999999997,3451.8506666666667
120,2021-05-12 10:30:00,3429.75,3448.8,3428.39,3448.79,14520228,3437.9099309317317,-4.847204203055298,-7.169590424958763,4.644772443806929,3384.7,3448.8,99.9843993759747,75.10323253039533,54.379131492959246,116.5514346052675,3429.1879999999996,3424.725,3452.4926666666665
121,2021-05-12 11:30:00,3448.36,3452.49,3436.92,3441.42,6250631,3438.1699360478997,-3.821474969789051,-6.49996733392482,5.356984728271538,3384.7,3452.49,83.67015784038986,77.9588743003935,62.239045762104,109.3985313769725,3439.626,3426.9800000000005,3452.9373333333333
122,2021-05-12 14:00:00,3441.01,3452.41,3433.23,3452.28,5808642,3439.2151259702778,-2.1079665964921332,-5.621567186438283,7.0272011798923,3384.7,3452.49,99.69021979643077,85.20265613240592,69.89358255220463,115.82080329280848,3446.304,3430.1169999999997,3453.3073333333327
123,2021-05-12 15:00:00,3451.83,3466.37,3451.0,3462.75,7806538,3440.9584499724792,0.09376180533899969,-4.478501388082827,9.144526386843653,3384.7,3466.37,95.56752785600602,88.65761337360595,76.14825949267174,113.67632113547438,3449.418,3434.3019999999997,3453.9094999999998
124,2021-05-13 10:30:00,3432.14,3446.75,3426.62,3435.07,15513437,3440.5222684930363,-0.3903969887282983,-3.6608805082119216,6.5409670389672465,3384.7,3466.37,61.67503367209538,79.6634201397691,77.31997970837085,84.3503010025656,3448.0620000000004,3436.5449999999996,3453.429833333333
125,2021-05-13 11:30:00,3435.73,3448.02,3427.16,3437.14,6364197,3440.2717300861445,-0.6001465055765038,-3.048733707684838,4.897174404216669,3389.31,3466.37,62.0685180378925,73.7984527724769,76.1461373964062,69.10308352461831,3445.732,3437.46,3452.862666666667
126,2021-05-13 14:00:00,3437.14,3437.5,3418.38,3425.33,6580192,3439.164935264949,-1.6997491583147166,-2.778936797810814,2.158375278992195,3416.44,3466.37,17.80492689765652,55.13394414753678,69.1420729801164,27.117686482377536,3442.514,3441.0699999999997,3452.1363333333334
127,2021-05-13 15:00:00,3425.47,3431.82,3420.05,3429.54,7179862,3438.4519770971747,-2.206050391561348,-2.6643595165609213,0.9166182499991464,3418.38,3466.37,23.254844759324662,44.50757768479941,60.93057454834407,11.661583957710093,3437.9660000000003,3442.1349999999998,3451.336166666667
128,2021-05-14 10:30:00,3436.09,3444.93,3422.56,3443.42,14187238,3438.8199787936805,-1.4703485043155524,-2.4255573141118476,1.9104176195925904,3418.38,3466.37,52.17753698687243,47.064230785490416,56.30845996072618,28.575772435018877,3434.1,3441.7589999999996,3450.699333333333
129,2021-05-14 11:30:00,3443.35,3479.15,3443.35,3471.17,9123374,3441.2162766608153,1.3364874301860254,-1.6731483652522732,6.019271590876597,3418.38,3479.15,86.86852065163728,60.33232740753937,57.649749109663915,65.69748400329027,3441.3200000000006,3444.6910000000003,3450.4255
130,2021-05-14 14:00:00,3471.33,3484.7,3469.63,3484.5,8323394,3444.4224783896434,4.5837066104350015,-0.4217773701148183,10.01096796109964,3418.38,3484.7,99.69843184559738,73.45436222022536,62.917953479851064,94.52717970097396,3450.792,3448.262,3450.3828333333336
131,2021-05-14 15:00:00,3485.04,3490.64,3480.68,3490.38,9477685,3447.8267392496696,7.544648058089024,1.1715077155259501,12.746280685126148,3418.38,3490.64,99.64018820924471,82.1829708832318,69.33962594764465,107.86966075440611,3463.8019999999997,3453.1580000000004,3450.6735
132,2021-05-17 10:30:00,3490.41,3527.31,3490.14,3512.82,19711447,3452.641054860805,11.568580553451739,3.250922283111108,16.63531654068126,3418.38,3527.31,86.697879372074,83.68794037951253,74.12239742493394,102.8190262886697,3480.458,3459.2119999999995,3451.5118333333335
133,2021-05-17 11:30:00,3513.52,3530.51,3511.76,3526.09,7877943,3458.0817174637086,15.64797404066212,5.730332634621311,19.83528281208162,3418.38,3530.51,96.05814679389988,87.81134251764163,78.68537912250316,106.0632693079186,3496.9919999999997,3465.546,3452.3123333333338
134,2021-05-17 14:00:00,3526.16,3528.53,3512.41,3513.59,7059301,3462.1934420960265,17.668604561517895,8.117987020000628,19.101235083034535,3418.38,3530.51,84.91037188977076,86.84435230835135,81.40503685111923,97.72298322281557,3505.476,3473.3979999999997,3452.9505
135,2021-05-17 15:00:00,3513.35,3522.24,3509.45,3517.62,7798983,3466.2991130518762,19.37184950450728,10.36875951690196,18.006179975210642,3420.05,3530.51,88.33061741806961,87.33977401159076,83.38328257127641,95.25275689221948,3512.1,3481.446,3453.6953333333336
136,2021-05-18 10:30:00,3520.65,3525.07,3512.61,3517.41,15455728,3470.0851046776634,20.468786716199247,12.388764956761417,16.16004351887566,3422.56,3530.51,87.86475220009234,87.5147667410913,84.7604439612147,93.02341230084446,3517.506,3490.654,3454.3961666666664
137,2021-05-18 11:30:00,3517.96,3522.42,3510.86,3520.48,5779955,3473.818059886725,21.339848215774055,14.178981608563944,14.32173321442022,3443.35,3530.51,88.49242771913704,87.84065373377321,85.78718055206754,91.94760009718456,3519.0379999999996,3499.7480000000005,3455.217
138,2021-05-18 14:00:00,3520.72,3526.2,3517.53,3521.84,5561301,3477.3752406358567,21.887604681642642,15.720706223179686,12.333796916925913,3469.63,3530.51,85.75886990801568,87.14672579185404,86.24036229866303,88.95945277823608,3518.1879999999996,3507.59,3456.1398333333336
139,2021-05-18 15:00:00,3521.72,3529.01,3515.26,3529.01,6805890,3481.2000376257934,22.63929302747556,17.104423584038862,11.069738886873395,3480.68,3530.51,96.98976520168576,90.4277389284646,87.63615450859689,96.01090776820007,3521.272,3513.374,3457.2048333333328
140,2021-05-19 10:30:00,3521.11,3521.11,3505.27,3518.89,15321025,3483.9918866905496,22.16293155452422,18.116125178135935,8.093612752776572,3490.14,3530.51,71.21624969036353,84.02390918243091,86.43207273320823,79.20758208087628,3521.5260000000003,3516.8130000000006,3457.9188333333336
141,2021-05-19 11:30:00,3519.22,3520.29,3509.6,3514.39,6778280,3486.243598787546,21.178170496747043,18.728534241858156,4.899272509777774,3505.27,3530.51,36.13312202852538,68.06031346446241,80.30815297695963,43.564634439467966,3520.922,3519.214,3458.714
142,2021-05-19 14:00:00,3514.76,3514.76,3505.87,3509.54,5965103,3487.9692581366166,19.778392796246862,18.9385059527359,1.6797736870219282,3505.27,3529.01,17.986520640269333,51.369049189731385,70.66178504788354,12.783577473427073,3518.7339999999995,3518.886,3459.464
143,2021-05-19 15:00:00,3509.58,3511.13,3503.82,3510.96,6932905,3489.6722760524226,18.56958242923065,18.86472124803485,-0.590277637608402,3503.82,3529.01,28.344581183008565,43.694226520823776,61.67259887219695,7.737481818077427,3516.558,3517.3730000000005,3460.0771666666665
144,2021-05-20 10:30:00,3500.88,3507.63,3486.07,3492.9,18545124,3489.911366715206,15.97020584619304,18.28581816766649,-4.631224642946904,3486.07,3529.01,15.905915230554072,34.431456090733874,52.59221794504259,-1.8900676178835596,3509.3360000000002,3515.304,3460.1133333333337
145,2021-05-20 11:30:00,3492.73,3500.97,3486.58,3500.86,6230926,3490.7223765881536,14.38664634841507,17.505983803816207,-6.238674910802274,3486.07,3529.01,34.44340940847682,34.43544052998152,46.5399588066889,10.226403976566758,3505.7300000000005,3513.6279999999997,3460.449666666667
146,2021-05-20 14:00:00,3501.28,3512.78,3497.17,3512.54,5767118,3492.338496840883,13.913753336213631,16.78753771029569,-5.74756874816412,3486.07,3529.01,61.644154634373,43.505011898112016,45.52830983716328,39.45841602000951,3505.3599999999997,3513.1410000000005,3461.3563333333336
147,2021-05-20 15:00:00,3512.48,3517.74,3505.21,3506.94,8492361,3493.4200896674847,12.937968174674097,16.017623803171375,-6.159311256994556,3486.07,3529.01,48.60270144387486,45.20424174669963,45.42028714034206,44.77215095941476,3504.84,3511.7870000000003,3462.4525000000003
148,2021-05-21 10:30:00,3510.84,3518.38,3479.67,3486.17,16182003,3492.883045988412,10.369156801106783,14.887930402758458,-9.037547203303351,3479.67,3521.11,15.685328185328165,35.36460389290914,42.06839272453109,21.95702622966523,3499.882,3508.2200000000003,3463.528
149,2021-05-21 11:30:00,3485.34,3493.79,3480.26,3491.04,6445280,3492.7465240633446,8.626878297017356,13.63571998161024,-10.017683369185768,3479.67,3520.29,27.991137370753126,32.90678171885713,39.014522389306435,20.691300377958527,3499.5099999999998,3504.423,3464.67
150,2021-05-21 14:00:00,3491.52,3499.19,3486.88,3490.19,5822663,3492.557151910504,7.095727009801976,12.32772138724859,-10.463988754893226,3479.67,3518.38,27.176440196331626,30.996667878015295,36.34190421887605,20.30619519629377,3497.376,3501.553,3465.4728333333333
151,2021-05-21 15:00:00,3490.06,3492.84,3484.23,3486.56,7152644,3492.1129184356523,5.52567141999134,10.96731139379714,-10.883279947611598,3479.67,3518.38,17.799018341513477,26.597451365848023,33.09375326786671,13.604847561810644,3492.1800000000003,3498.7699999999995,3466.2053333333333
152,2021-05-24 10:30:00,3486.27,3496.15,3469.87,3474.51,16217761,3490.80899855153,3.2713467109379053,9.428118457225292,-12.313543492574773,3469.87,3518.38,9.56503813646734,20.919980289387794,29.03582894170707,4.688282984749243,3485.6940000000004,3495.267,3466.685166666667
153,2021-05-24 11:30:00,3474.57,3494.07,3470.83,3492.04,7248984,3490.900183844009,2.8662621473099534,8.115747195242225,-10.498970095864543,3469.87,3518.38,45.7019171304885,29.18062590308803,29.084094595500723,29.37368851826264,3486.868,3493.375,3467.5341666666664
154,2021-05-24 14:00:00,3492.04,3498.3,3488.6,3491.36,5915451,3490.9342443000082,2.4619792311077617,6.984993602415333,-9.046028742615142,3469.87,3518.38,44.30014430014459,34.220465368773546,30.796218186591663,41.06895973313731,3486.932,3493.221,3468.3465
155,2021-05-24 15:00:00,3491.38,3497.28,3488.33,3497.28,7335965,3491.4043002777853,2.5894273254666587,6.1058803470255985,-7.03290604311788,3469.87,3518.38,56.503813646671176,41.64824812807275,34.413561500418695,56.117621383380865,3488.35,3492.863,3469.016666666667
156,2021-05-25 10:30:00,3502.54,3544.45,3502.44,3543.74,19500025,3495.2810187757273,6.365981503947296,6.157900578409938,0.41616185107471537,3469.87,3544.45,99.04800214534723,60.78149946716424,43.20287415600054,95.93875008949165,3499.786,3495.983,3470.3385
157,2021-05-25 11:30:00,3543.71,3558.18,3542.43,3553.21,9130582,3499.57205442197,10.00771504544673,6.927863471817297,6.159703147258867,3469.87,3558.18,94.3720982901146,71.97836574148103,52.794704684494036,110.34568785545503,3515.5260000000003,3500.6099999999997,3471.8403333333335
158,2021-05-25 14:00:00,3553.21,3577.01,3553.21,3574.16,8493118,3505.0970874277496,14.41810212160317,8.425911201774472,11.984381839657395,3469.87,3577.01,97.33992906477474,80.43222018257893,62.00720985052234,117.28224084669212,3531.95,3509.4090000000006,3473.6071666666667
159,2021-05-25 15:00:00,3574.47,3584.58,3571.0,3581.34,10097626,3510.74471058125,18.28198826820244,10.397126615060065,15.76972330628475,3469.87,3584.58,97.17548600819477,86.01330879111754,70.00924283072074,118.02144071191114,3549.946,3518.439,3475.381166666667
160,2021-05-26 10:30:00,3586.84,3602.3,3585.37,3597.77,21116000,3517.191028315972,22.411563018180004,12.800013895684053,19.223098244991903,3469.87,3602.3,96.57932492637606,89.53531416953705,76.51793327699284,115.57007595462545,3570.0440000000003,3529.197,3477.8526666666667
161,2021-05-26 11:30:00,3598.27,3603.49,3587.12,3591.68,8964132,3522.708729922196,24.905770437470437,15.22116520404133,19.369210466858213,3470.83,3603.49,91.09754259007994,90.05605697638468,81.03064117679011,108.1068885755738,3579.632,3539.709,3480.0958333333333
162,2021-05-26 14:00:00,3591.75,3599.86,3587.53,3597.16,7346117,3528.2236388168485,27.01324610286929,17.579581383806925,18.867329438124727,3488.33,3603.49,94.50329975686009,91.53847123654315,84.5332511967078,105.54891131621383,3588.422,3551.9739999999997,3482.7149999999997
163,2021-05-26 15:00:00,3596.76,3597.92,3590.39,3593.36,8156875,3533.048554460045,28.053425087408414,19.674350124527223,16.758149925762382,3488.33,3603.49,91.20354289683948,91.42682845664191,86.8311102833525,100.61826480322071,3592.262,3562.1059999999998,3485.1566666666668
164,2021-05-27 10:30:00,3585.73,3597.62,3579.26,3595.41,17079897,3537.6679207963384,28.71221574381434,21.481923248384646,14.460584990859388,3502.44,3603.49,92.00395843641766,91.61920511656717,88.42714189442407,98.00333156085338,3595.076,3572.511,3487.5089999999996
165,2021-05-27 11:30:00,3595.5,3626.36,3595.5,3599.81,9458858,3542.2710377743874,29.252154682664695,23.03596953524066,12.43237029484807,3542.43,3626.36,68.36649588943156,83.8683020408553,86.90752860990114,77.78984890276362,3595.4839999999995,3582.764,3490.187166666666
166,2021-05-27 14:00:00,3599.81,3604.72,3594.51,3600.1,6741775,3546.5546646059147,29.364959780821664,24.301767584356863,10.126384392929602,3553.21,3626.36,64.10116199589858,77.27925535920306,83.69810419300177,64.44155769160565,3597.168,3588.4,3492.6751666666664
167,2021-05-27 15:00:00,3600.07,3609.82,3598.59,3608.85,9619891,3551.169133894365,29.81670212518111,25.404754492521715,8.82389526531879,3571.0,3626.36,68.37066473988406,74.3097251527634,80.56864451292232,61.79188643244558,3599.506,3593.964,3495.468
168,2021-05-28 10:30:00,3610.77,3617.0,3600.5,3608.63,18951333,3555.4254943466344,29.813289977596924,26.28646158953676,7.053656776120327,3579.26,3626.36,62.356687898089056,70.32537940120528,77.15422280901664,56.66769258558256,3602.56,3597.411,3498.0826666666667
169,2021-05-28 11:30:00,3608.66,3611.14,3601.88,3609.03,7789266,3559.396198469106,29.502772882166937,26.9297238480628,5.146098068208275,3579.26,3626.36,63.20594479830157,67.9522345335707,74.08689338386799,55.68291683297613,3605.2839999999997,3600.1800000000003,3500.6366666666668
170,2021-05-28 14:00:00,3610.23,3622.18,3589.95,3589.96,9276599,3561.660183767691,27.402022760309592,27.024183630512162,0.755678259594859,3579.26,3626.36,22.71762208067906,52.874030382606826,67.01593905011427,24.59021304759193,3603.314,3599.399,3503.324833333333
171,2021-05-28 15:00:00,3589.6,3600.79,3582.36,3600.78,9227304,3564.557947933047,26.30699605218433,26.8807461148466,-1.1475001253245338,3579.26,3626.36,45.690021231422556,50.4793606655454,61.50374625525798,28.430589486120226,3603.45,3600.3089999999997,3506.3566666666666
172,2021-05-31 10:30:00,3600.07,3600.68,3580.65,3595.92,19682741,3566.8810629009695,24.761582009611175,26.456913293799516,-3.3906625683766833,3579.26,3626.36,35.37154989384265,45.44342374164448,56.15030541738681,24.029660390159805,3600.864,3600.185,3509.2735000000002
173,2021-05-31 11:30:00,3596.28,3597.37,3588.07,3593.61,7774745,3568.8609841675643,23.084330756772943,25.782396786394205,-5.396132059242525,3580.65,3626.36,28.352658061693344,39.74650184832743,50.68237089436702,17.87476375624827,3597.8599999999997,3600.21,3512.152
174,2021-05-31 14:00:00,3593.85,3603.08,3590.5,3601.81,8118566,3571.301652007004,22.161306775127287,25.05817878414082,-5.79374401802707,3580.65,3622.18,50.95111967252585,43.48137445639357,48.28203874837587,33.88004587242898,3596.416,3600.85,3515.304833333333
175,2021-05-31 15:00:00,3603.57,3615.66,3600.97,3615.48,9393383,3574.574122228708,22.276073663864736,24.501757760085606,-4.451368192441741,3580.65,3622.18,83.86708403563723,56.94327764947479,51.16911838207551,68.49159618427333,3601.5200000000004,3602.4170000000004,3518.4296666666664
176,2021-06-01 10:30:00,3608.6,3613.78,3584.17,3587.35,21269721,3575.5204835451,19.86814374861524,23.575034957791534,-7.413782418352589,3580.65,3622.18,16.13291596436277,43.33982375443745,48.55935350619615,32.900764250920034,3598.834,3601.142,3521.7316666666666
177,2021-06-01 11:30:00,3587.88,3611.76,3581.91,3611.33,7999687,3578.173040319537,19.668105852068038,22.793649136646838,-6.2510865691576,3580.65,3622.18,73.87430772935234,53.51798507940907,50.21223069726713,60.129493843692956,3601.916,3601.3900000000003,3524.939
178,2021-06-01 14:00:00,3612.61,3618.5,3609.53,3618.03,8301753,3581.125407703275,19.821715980391218,22.199262505395716,-4.755093050008995,3580.65,3622.18,90.0072236937162,65.68106461751145,55.368508670681905,86.30617651117055,3606.8,3602.3300000000004,3527.7865
179,2021-06-01 15:00:00,3619.07,3626.07,3614.7,3624.71,9595148,3584.353896021551,20.249054787705063,21.809220961857587,-3.1203323483050482,3580.65,3626.07,97.0057243505061,76.122617861843,62.2865450677356,103.79476345005779,3611.38,3603.898,3530.834166666667
180,2021-06-02 10:30:00,3626.33,3629.29,3601.65,3612.23,19720386,3586.4187926125473,19.357550379900204,21.31888684546611,-3.922672931131814,3580.65,3629.29,64.92598684210529,72.39040752193043,65.65449921913387,85.86222412752355,3610.7300000000005,3606.125,3533.5581666666667
181,2021-06-02 11:30:00,3611.3,3614.67,3592.97,3601.24,9184295,3587.5166598264327,17.56178424410018,20.567466325192925,-6.011364162185487,3581.91,3629.29,40.79780498100439,61.85954000828841,64.38951281551871,56.79959439382782,3613.5080000000003,3606.171,3536.221833333334
182,2021-06-02 14:00:00,3601.3,3608.51,3590.89,3590.94,7855279,3587.7702405800305,15.133058248882207,19.48058470993078,-8.695052922097148,3581.91,3629.29,19.058674546222413,47.59258485426641,58.79053682843461,25.19668090593001,3609.4300000000003,3605.6730000000002,3538.532833333333
183,2021-06-02 15:00:00,3590.92,3598.91,3584.6,3597.14,8707843,3588.4642968333615,13.552340637256748,18.294935895395973,-9.48519051627845,3581.91,3629.29,32.14436471084842,42.443178139793744,53.34141726555433,20.64669988827258,3605.2519999999995,3606.0260000000003,3540.7726666666667
184,2021-06-03 10:30:00,3595.42,3609.21,3589.08,3594.77,17916097,3588.931385956816,11.970384210630073,17.030025558442794,-10.119282695625444,3581.91,3629.29,27.142254115660826,37.342870131749436,48.0085682209527,16.011473953342914,3599.264,3605.322,3543.434333333333
185,2021-06-03 11:30:00,3595.07,3614.85,3594.68,3610.9,8093096,3590.5586907007555,11.881268671698763,16.00027418109399,-8.238011018790452,3581.91,3629.29,61.18615449556811,45.29063158635566,47.10258934275369,41.6667160735596,3598.9980000000005,3604.864,3546.3303333333333
186,2021-06-03 14:00:00,3611.68,3618.51,3604.3,3606.79,8484906,3591.7610099081066,11.34818648397004,15.0698566416692,-7.44334031539832,3584.6,3629.29,49.653166256433266,46.744809809714866,46.983329498407414,46.26777043232977,3600.108,3606.808,3549.3546666666666
187,2021-06-03 15:00:00,3606.84,3608.5,3584.21,3584.21,9856552,3591.2016758408395,8.999951875533043,13.855875688441968,-9.71184762581785,3584.21,3629.29,0.0,31.16320653980991,41.709955178874914,10.069709261679904,3598.762,3604.096,3551.9325000000003
188,2021-06-04 10:30:00,3565.47,3581.34,3561.89,3578.1,17231906,3590.2311813341103,6.570195964358845,12.398739743625343,-11.657087558532996,3561.89,3629.29,24.050445103857587,28.792286061159135,37.404065472969656,11.568727237538099,3594.954,3600.103,3554.177166666667
189,2021-06-04 11:30:00,3577.88,3589.95,3572.37,3589.28,7524719,3590.1607234575094,5.483518871964407,11.015695569293158,-11.064353394657502,3561.89,3618.51,48.375132462027835,35.319901528115366,36.709344158018226,32.54101626830965,3593.8559999999998,3596.56,3556.1456666666663
190,2021-06-04 14:00:00,3591.18,3618.8,3585.3,3595.11,10118216,3590.527336534731,5.034714667131539,9.819499388860834,-9.56956944345859,3561.89,3618.8,58.37286944298028,43.004224166403674,38.807637494146704,51.397397510917614,3590.6979999999994,3594.8479999999995,3557.9891666666667
191,2021-06-04 15:00:00,3594.96,3596.85,3580.4,3591.84,8653209,3590.624570865492,4.364857074545853,8.728570925997838,-8.72742770290397,3561.89,3618.8,52.62695484097717,46.21180105792817,41.27569201540719,56.084019142970135,3587.708,3593.9080000000004,3559.6801666666665
192,2021-06-07 10:30:00,3597.14,3600.38,3587.69,3598.04,20593274,3591.1738619124926,4.284884806001173,7.839833701998505,-7.109897791994664,3561.89,3618.8,63.52134949920909,51.98165053835514,44.84434485638984,66.25626190228573,3590.4740000000006,3594.618,3561.1005
193,2021-06-07 11:30:00,3598.22,3599.21,3581.9,3584.18,7953679,3590.6557980671228,3.0677568485257325,6.885418331303951,-7.635322965556437,3561.89,3618.8,39.16710595677358,47.71013567782795,45.799608463535876,51.53119010641208,3591.69,3593.322,3562.0686666666666
194,2021-06-07 14:00:00,3584.31,3595.23,3583.46,3591.8,6548072,3590.7405537658547,2.6870696243095153,6.045748589905065,-6.717357931191099,3561.89,3618.8,52.55666842382736,49.32564659316108,46.97495450674428,54.02703076599468,3592.1940000000004,3593.025,3563.3721666666665
195,2021-06-07 15:00:00,3591.7,3599.54,3591.39,3599.54,8126968,3591.3923645980135,2.9756244244331356,5.43172375681068,-4.912198664755088,3561.89,3618.8,66.15709014232979,54.93612777621732,49.62867892990196,65.55102546884804,3593.0800000000004,3591.889,3564.7375
196,2021-06-08 10:30:00,3598.75,3621.52,3591.06,3598.98,19256916,3591.9544116648276,3.123117508012001,4.970002507050944,-3.6937699980778866,3561.89,3621.52,62.200234781150556,57.35749677786173,52.20495154588855,67.6625872418081,3594.5080000000003,3591.108,3566.097
197,2021-06-08 11:30:00,3598.74,3598.74,3572.78,3581.25,9173288,3591.1614922822478,1.7887247101548382,4.333746947671723,-5.0900444750337694,3572.37,3621.52,18.067141403865904,44.26071165319646,49.55687158165785,33.66839179627367,3591.15,3590.8120000000004,3567.1098333333334
198,2021-06-08 14:00:00,3581.24,3581.71,3563.25,3568.62,8032518,3589.4917521131924,-0.28464542731353504,3.4100684726746717,-7.3894277999764135,3563.25,3621.52,9.215719924489262,32.57904774362739,43.89759696898103,9.941949292920114,3588.0379999999996,3589.864,3567.8894999999998
199,2021-06-08 15:00:00,3568.94,3580.11,3567.25,3580.11,7853457,3588.796807512215,-0.9892557010866767,2.530203637922402,-7.038918678018158,3563.25,3621.52,28.934271494765973,31.36412232734025,39.7197720884341,14.652822805152553,3585.7,3588.947,3568.7411666666667
200,2021-06-09 10:30:00,3576.8,3587.41,3572.64,3586.45,17583775,3588.6229699187174,-1.0242722323778253,1.819308463862357,-5.687161392480364,3563.25,3621.52,39.81465591213287,34.18096685560445,37.87350367749088,26.795893211831597,3583.082,3588.0809999999997,3569.8671666666664
201,2021-06-09 11:30:00,3586.65,3598.71,3584.17,3594.53,7227539,3589.060527702516,-0.39547581407487087,1.3763516082749114,-3.5436548446995646,3563.25,3621.52,53.68113952291095,40.681024411373286,38.809343922118344,44.42438538988317,3582.192,3588.35,3571.2028333333337
202,2021-06-09 14:00:00,3594.53,3596.94,3584.06,3586.84,7163895,3588.8960441689965,-0.511769494161399,0.9987273877876492,-3.0209937638980966,3563.25,3621.52,40.48395400720809,40.61533427665155,39.41134070696275,43.02332141602916,3583.31,3587.2299999999996,3572.4911666666667
203,2021-06-09 15:00:00,3586.5,3592.61,3582.6,3591.4,8348421,3589.0815223787004,-0.23328996153213666,0.7523239179236921,-1.9712277589116576,3563.25,3621.52,48.30959327269624,43.18008727533311,40.667589563086196,48.20508269982693,3587.8660000000004,3587.9519999999998,3573.831833333333
204,2021-06-10 10:30:00,3587.53,3616.19,3584.13,3610.04,17764048,3590.6340022025006,1.474502150488206,0.896759564436595,1.1554851721032222,3563.25,3621.52,80.29860991934096,55.552928156669054,45.62936909428048,75.40004628144621,3593.852,3589.7760000000003,3575.7841666666664
205,2021-06-10 11:30:00,3611.11,3621.08,3610.42,3620.72,8156808,3592.8625946319453,3.6476782821223424,1.4469433079737444,4.401469948297196,3563.25,3621.08,99.37748573404785,70.16111401579532,53.80661740145209,102.8701072444818,3600.7059999999997,3591.8939999999993,3577.7818333333335
206,2021-06-10 14:00:00,3621.27,3624.34,3605.95,3607.03,9022944,3593.912032066616,4.216660399133161,2.000886726205628,4.4315473458550665,3563.25,3624.34,71.6647569160257,70.66232831587212,59.42518770625876,93.13660953509883,3603.2059999999997,3592.6989999999996,3579.3566666666666
207,2021-06-10 15:00:00,3606.44,3616.6,3605.93,3610.86,9267927,3595.1674370987184,4.919918064608282,2.584692993886159,4.670450141444246,3567.25,3624.34,76.3881590471186,72.57093855962094,63.80710465737948,90.09860636410386,3608.0099999999998,3595.66,3581.088666666667
208,2021-06-11 10:30:00,3614.11,3614.4,3589.03,3602.1,19784394,3595.680960276591,4.716032553915738,3.010960905892075,3.410143296047327,3572.64,3624.34,56.982591876208666,67.37482299848351,64.99634410441416,72.13178078662219,3610.15,3599.0080000000003,3583.0208333333335
209,2021-06-11 11:30:00,3602.07,3608.88,3595.35,3601.82,9452008,3596.1357039598065,4.480213050622297,3.3048113348381194,2.3508034315683544,3582.6,3624.34,46.046957355055454,60.26553445067416,63.419407553167495,53.957788245687496,3608.506,3601.179,3584.8671666666664
210,2021-06-11 14:00:00,3602.17,3604.75,3592.76,3597.98,9095364,3596.272318481302,3.9380728352143706,3.43146363491337,1.0132184006020015,3582.6,3624.34,36.847149017728846,52.459405973025724,59.766073693120234,37.846070532836706,3603.958,3602.332,3586.663666666667
211,2021-06-11 15:00:00,3597.76,3603.03,3587.15,3589.75,11205502,3595.7891837789834,2.811916565761294,3.3075542210829547,-0.9912753106433216,3582.6,3624.34,17.129851461428007,40.682887802493156,53.40501172957788,15.238639948323708,3600.5020000000004,3601.8540000000003,3588.3835000000004
212,2021-06-15 10:30:00,3587.47,3592.95,3547.19,3560.49,21406592,3593.1744294249843,-0.4365752871231052,2.558728319441743,-5.990607213129697,3547.19,3624.34,17.239144523654844,32.868306709547056,46.559443389567605,5.486033349505959,3590.428,3599.219,3589.8165
213,2021-06-15 11:30:00,3560.88,3565.21,3551.02,3557.33,8489181,3590.519286504615,-3.228794541809748,1.401223747191445,-9.260036578002385,3547.19,3624.34,13.143227478936955,26.29328029934369,39.804055692826296,-0.7282704876215291,3581.4739999999997,3595.8119999999994,3590.904666666667
214,2021-06-15 14:00:00,3558.19,3566.66,3554.16,3563.23,6458477,3588.4978578746436,-4.908980059961777,0.13918298576080057,-10.096326091445157,3547.19,3624.34,20.790667530784116,24.45907604315716,34.68906247626992,3.999103176931655,3573.756,3591.131,3592.1025
215,2021-06-15 15:00:00,3562.74,3564.56,3553.66,3556.56,8117669,3586.13209062467,-6.70150170455463,-1.2289539523022857,-10.945095504504689,3547.19,3616.6,13.499495749891818,20.80588261206871,30.061335854869515,2.2949761264670983,3565.472,3584.715,3593.0905
216,2021-06-16 10:30:00,3556.71,3561.09,3541.09,3543.94,17606868,3583.006750578398,-9.03625226137774,-2.7904136141173765,-12.491677294520727,3541.09,3614.4,3.8876006001908485,15.166455274776089,25.09637566150504,-4.693385498681813,3556.31,3578.406,3593.0938333333334
217,2021-06-16 11:30:00,3544.06,3545.61,3527.52,3529.11,8184402,3579.014398683702,-11.945515492377126,-4.621433989769327,-14.648163005215599,3527.52,3608.88,1.9542772861358688,10.762395945229349,20.318382422746478,-8.34957700980491,3550.0339999999997,3570.2309999999998,3592.6921666666667
218,2021-06-16 14:00:00,3528.32,3533.3,3515.71,3517.47,7137012,3574.455554336761,-15.017268559486183,-6.700600903712698,-16.633335311546972,3515.71,3604.75,1.9766397124885045,7.8338105343157345,16.15685845993623,-8.812285316925259,3542.0620000000004,3561.768,3591.7473333333337
219,2021-06-16 15:00:00,3517.36,3526.52,3513.56,3518.33,8132647,3570.2981058673713,-17.184171748138397,-8.797315072597838,-16.773713351081117,3513.56,3603.03,5.331395998658732,6.9996723557634,13.104463091878621,-5.209909116467042,3533.082,3553.4189999999994,3590.6971666666664
220,2021-06-17 10:30:00,3508.32,3534.2,3507.35,3526.38,15959975,3567.0449128401583,-18.043891662345686,-10.646630390547408,-14.794522543596557,3507.35,3592.95,22.23130841121521,12.076884374247335,12.761936852668192,10.70677941740562,3527.046,3546.2589999999996,3589.5073333333335
221,2021-06-17 11:30:00,3526.56,3528.67,3519.11,3524.31,6457022,3563.879363740887,-18.676961205815132,-12.252696553600954,-12.848529304428357,3507.35,3566.66,28.5955150902041,17.58309461289959,14.36898943941199,24.011304959874792,3523.12,3539.715,3588.3845
222,2021-06-17 14:00:00,3525.39,3526.65,3512.72,3521.81,8165641,3560.7631145748956,-19.15954319906541,-13.634065882693847,-11.050954632743128,3507.35,3566.66,24.380374304501853,19.848854510100345,16.195611129641442,27.155341271018152,3521.66,3535.847,3587.1286666666665
223,2021-06-17 15:00:00,3521.57,3527.2,3518.63,3525.6,8293462,3558.1584394211995,-19.016955949343355,-14.710643896023749,-8.612624106639213,3507.35,3564.56,31.900017479461614,23.865908833220765,18.75237703083455,34.09297243799319,3523.286,3532.674,3585.9993333333337
224,2021-06-18 10:30:00,3520.5,3527.97,3509.15,3524.64,19770153,3555.6755920566666,-18.765106042019397,-15.521536325222879,-6.487139433593036,3507.35,3561.09,32.17342761443969,26.635081760293737,21.37994527398761,37.145354732906,3524.548,3528.815,3584.8198333333335
225,2021-06-18 11:30:00,3524.17,3525.11,3506.32,3508.29,7665791,3552.165548200617,-19.658213880531093,-16.348871836284523,-6.61868408849314,3506.32,3545.61,5.013998472893362,19.428053997826947,20.729314848600723,16.82553229627939,3520.9300000000003,3523.9880000000003,3583.2945000000004
226,2021-06-18 14:00:00,3509.0,3523.78,3503.18,3522.97,7790578,3550.0029150005716,-18.96286288357578,-16.871670045742775,-4.182385675666012,3503.18,3534.2,63.797549967762656,34.217885987805516,25.225505228335656,52.20264750674524,3520.6619999999994,3521.8909999999996,3582.009
227,2021-06-18 15:00:00,3522.52,3535.62,3520.37,3525.1,9403216,3548.1582546301593,-18.032056685009138,-17.103747373596047,-1.8566186228261827,3503.18,3535.62,67.57090012330468,45.33555736630524,31.928855940992186,72.14896021693134,3521.3199999999997,3521.4900000000002,3580.613166666667
228,2021-06-21 10:30:00,3515.5,3540.3,3504.01,3534.13,18326988,3547.119124657555,-16.37695716550479,-16.9583893319778,1.1628643329460147,3503.18,3540.3,83.37823275862065,58.01644916374371,40.62472034857603,92.79990679407906,3523.0260000000003,3523.156,3579.3715
229,2021-06-21 11:30:00,3534.28,3536.26,3510.25,3517.17,8612066,3544.9006709792175,-16.24652925517512,-16.816017316617263,1.1389761228842872,3503.18,3540.3,37.68857758620718,51.240491971231535,44.1633108894612,65.3948541347722,3521.532,3523.04,3577.8405
230,2021-06-21 14:00:00,3517.17,3522.84,3514.66,3517.47,7309587,3542.868769425201,-15.935264889473274,-16.639866831188467,1.4092038834303864,3503.18,3540.3,38.496767241378855,46.992583727947306,45.10640183562323,50.764947512595455,3523.368,3522.149,3576.6323333333335
231,2021-06-21 15:00:00,3517.9,3530.29,3517.28,3529.18,8407636,3541.854786504816,-14.575667282276754,-16.227026921406125,3.302719278258742,3503.18,3540.3,70.04310344827522,54.67609030138994,48.2962979908788,67.43567492241223,3524.6099999999997,3522.636,3575.439
232,2021-06-22 10:30:00,3539.79,3553.44,3536.81,3552.49,18739589,3542.642580097052,-11.484863831826715,-15.278594303490244,7.587460943327059,3503.18,3553.44,98.10982888977264,69.15400316418418,55.24886638198059,96.96427672859133,3530.0879999999997,3525.704,3574.715166666667
233,2021-06-22 11:30:00,3552.52,3560.19,3550.74,3556.75,7904724,3543.687574163937,-8.592583477977314,-13.94139213838766,10.69761732082069,3503.18,3560.19,93.96597088230128,77.42465907022321,62.64079727806146,106.99238265454672,3534.6119999999996,3528.8190000000004,3574.1008333333334
234,2021-06-22 14:00:00,3557.31,3559.42,3539.7,3541.91,8316362,3543.5559020036453,-7.4124483462946955,-12.635603379969067,10.446310067348744,3503.18,3560.19,67.93544992106625,74.26158935383756,66.51439463665349,89.75597878820571,3539.56,3530.546,3573.1025000000004
235,2021-06-22 15:00:00,3541.67,3558.98,3540.92,3557.41,8748548,3544.582131484857,-5.166901467099251,-11.141862997395105,11.949923060591708,3504.01,3560.19,95.05161979352046,81.19159950039852,71.40679625790183,100.76120598539191,3547.548,3535.458,3572.1346666666664
236,2021-06-23 10:30:00,3559.4,3571.83,3549.85,3563.03,19398864,3545.9486402637567,-2.900368710269504,-9.493564139969985,13.186390859400962,3504.01,3571.83,87.02447655558868,83.13589185212858,75.31649478931075,98.77468597776425,3554.318,3539.464,3571.729333333333
237,2021-06-23 11:30:00,3562.77,3577.47,3562.77,3573.61,9089638,3547.997629873849,-0.24755394397516284,-7.644362100771021,14.793616313591716,3510.25,3577.47,94.25766141029503,86.8431483715174,79.1587126500463,102.21201981445964,3558.542,3544.315,3571.1006666666667
238,2021-06-23 14:00:00,3574.51,3576.55,3565.02,3571.38,8594024,3549.7296572906007,1.6557915731386856,-5.78433136598908,14.880245878255531,3514.66,3577.47,90.30409170514298,87.9967961493926,82.10474048316173,99.78090748185431,3561.468,3548.04,3570.323166666667
239,2021-06-23 15:00:00,3571.74,3573.16,3556.66,3566.22,9952237,3550.951164157964,2.7165233421233097,-4.084160424366602,13.601367532979824,3517.28,3577.47,81.30918757268637,85.76759329049051,83.32569141893799,90.65139703359557,3566.3300000000004,3552.9449999999997,3569.3483333333334
240,2021-06-24 10:30:00,3568.58,3570.49,3548.82,3564.28,22218070,3551.9384853314477,3.3618656301646297,-2.5949552134603557,11.91364168724997,3536.81,3577.47,67.56025577963686,79.69848078687264,82.11662120824954,74.86219994411883,3567.704,3557.626,3568.5491666666667
241,2021-06-24 11:30:00,3564.51,3567.51,3558.29,3561.01,8176517,3552.6104493809703,3.568309125009364,-1.362302345766412,9.861222941551553,3539.7,3577.47,56.420439502251554,71.93913369199893,78.72412536949935,58.3691503369981,3567.3,3560.8089999999997,3567.878666666666
242,2021-06-24 14:00:00,3560.96,3569.66,3557.48,3566.6,7045414,3553.6467123897874,4.1353140383494065,-0.2627790689432483,8.79618621458531,3539.7,3577.47,71.22054540640748,71.69960426346844,76.38261833415571,62.333576122093916,3565.898,3562.2200000000003,3567.473
243,2021-06-24 15:00:00,3566.86,3567.71,3562.95,3566.65,8687357,3554.609918879433,4.536411175144622,0.6970589798743256,7.678704390540592,3540.92,3577.47,70.39671682626597,71.26530845106763,74.67684837312635,64.44222860695018,3564.9519999999998,3563.21,3566.964833333333
244,2021-06-25 10:30:00,3567.38,3584.99,3564.52,3584.51,20607503,3556.8247397031787,6.223693419925439,1.8023858678845486,8.842615104081782,3548.82,3584.99,98.67293337019748,80.40118342411091,76.58496005678788,88.03363015875698,3568.6099999999997,3567.4700000000003,3566.7938333333336
245,2021-06-25 11:30:00,3584.52,3595.18,3577.99,3594.79,9253103,3559.636981206647,8.294769897518108,3.1008626738112604,10.387814447413696,3548.82,3595.18,99.15875754961199,86.65370813261127,79.94120941539568,100.07870556704248,3574.7120000000004,3571.208,3566.525333333333
246,2021-06-25 14:00:00,3594.79,3610.35,3594.26,3608.34,9015164,3563.244612228377,10.903792552070172,4.661448649463043,12.484687805214257,3548.82,3610.35,96.73330082886434,90.01357236469562,83.29866373182898,103.4433896304289,3584.178,3575.739,3566.5511666666666
247,2021-06-25 15:00:00,3608.62,3614.3,3604.08,3607.56,9514126,3566.527233544793,12.76141665404657,6.281442250379749,12.959948807333642,3548.82,3614.3,89.70678069639548,89.91130847526225,85.50287864630673,98.72816813317331,3592.3700000000003,3579.1339999999996,3566.940333333333
248,2021-06-28 10:30:00,3612.25,3614.36,3595.95,3606.57,20078054,3569.493364393327,13.992416544153002,7.823637109134401,12.337558870037203,3548.82,3614.36,88.11412877631986,89.31224857561479,86.77266862274274,94.3914084813589,3600.3540000000003,3582.653,3567.4148333333337
249,2021-06-28 11:30:00,3606.64,3612.05,3602.61,3605.58,7933168,3572.1664485123397,14.718443050143378,9.202598297336197,11.031689505614363,3557.48,3614.36,84.56399437412063,87.72949717511673,87.09161147353407,89.00526857828203,3604.568,3586.589,3567.6865000000003
250,2021-06-28 14:00:00,3605.78,3609.25,3597.41,3598.92,8486902,3574.148193066981,14.588253639735285,10.279729365816015,8.61704854783854,3557.48,3614.36,72.85513361462725,82.7713759882869,85.65153297845168,77.01106200795735,3605.3940000000002,3590.053,3567.75
251,2021-06-28 15:00:00,3598.77,3606.67,3594.22,3606.37,9104834,3576.534993580538,14.914307478991304,11.206644988451073,7.415324981080463,3562.95,3614.36,84.45827659988292,83.33367619215224,84.87891404968519,80.24320047708633,3605.0,3594.589,3567.9921666666664
252,2021-06-29 10:30:00,3601.68,3601.83,3575.69,3584.5,20673839,3577.1249940560538,13.255183763547848,11.61635274347043,3.277662040154837,3564.52,3614.36,40.08828250401276,68.91854496277242,79.55879102071427,47.63805284688871,3600.388,3596.379,3567.7664999999997
253,2021-06-29 11:30:00,3584.79,3586.44,3571.33,3572.27,7500287,3576.7653648667165,10.8286317498696,11.458808544750266,-1.2603535897613298,3571.33,3614.36,2.184522426214386,46.67387078391974,68.59715094178276,2.8273104681937014,3593.528,3596.9410000000003,3567.5679999999998
254,2021-06-29 14:00:00,3572.27,3582.37,3570.65,3575.72,6979377,3576.6879304321446,9.07929747419712,10.982906330639636,-3.807217712885034,3570.65,3614.36,11.599176389841466,34.982305985893646,57.392202623153054,-9.83748728862517,3587.5559999999996,3596.0620000000004,3567.3
255,2021-06-29 15:00:00,3576.0,3578.61,3570.53,3573.18,8936367,3576.4280837334672,7.4026475718992515,10.26685457889156,-5.728414013984619,3570.53,3614.36,6.046087154915904,25.336899708901065,46.70710165173572,-17.403504176768237,3582.4080000000004,3593.9010000000003,3566.860666666667
256,2021-06-30 10:30:00,3572.62,3588.42,3569.5,3581.62,17917891,3576.8126701235806,6.67794867326802,9.549073397766854,-5.7422494489976685,3569.5,3614.36,27.017387427552066,25.89706228178473,39.770421861752055,-1.849656878149915,3577.458,3591.2290000000003,3566.5713333333333
257,2021-06-30 11:30:00,3581.32,3585.0,3572.39,3581.72,7650613,3577.1761760403524,6.04203986467337,8.847666691148158,-5.611253652949575,3569.5,3612.05,28.71915393654465,26.83775950003804,35.459534407847386,9.594209684419354,3576.9019999999996,3588.6449999999995,3566.579166666667
258,2021-06-30 14:00:00,3582.58,3594.12,3582.16,3582.3,7539050,3577.555718555882,5.5212333637555275,8.182380025669632,-5.322293323828209,3569.5,3609.25,32.20125786163568,28.625592287237254,33.18155370097735,19.513669459757068,3578.9080000000004,3586.218,3566.8071666666665
259,2021-06-30 15:00:00,3582.89,3592.68,3580.2,3591.2,8362282,3578.5664060702607,5.760245554048197,7.697953131345345,-3.8754151545942968,3569.5,3606.67,58.3804143126171,38.5438662956972,34.968991232550636,45.69361642199033,3582.004,3584.78,3566.992
260,2021-07-01 10:30:00,3600.55,3604.06,3573.94,3594.29,18692846,3579.731116731723,6.128357719614996,7.3840340489992755,-2.5113526587685584,3569.5,3604.06,71.73032407407408,49.60601888848949,39.84800045119692,69.12205576307464,3586.226,3584.317,3567.1226666666666
261,2021-07-01 11:30:00,3594.76,3595.11,3576.8,3588.55,7966459,3580.384367344188,5.889034114636615,7.085034062126744,-2.3919998949802572,3569.5,3604.06,55.12152777777839,51.44452185158578,43.71350758465987,66.9065503854376,3587.612,3582.535,3567.023
262,2021-07-01 14:00:00,3588.77,3607.7,3588.77,3604.41,7041330,3582.164043837211,6.8996035510249385,7.0479479599063835,-0.2966888177628899,3569.5,3607.7,91.38743455497388,64.75882608604849,50.72861375178941,92.81925075456664,3592.15,3584.5260000000003,3567.3158333333336
263,2021-07-01 15:00:00,3603.89,3604.41,3574.84,3588.78,11363267,3582.6541146640843,6.365894664423195,6.911537300809746,-1.0912852727731028,3569.5,3607.7,50.471204188482446,59.996285453526475,53.81783765236843,72.35318105584257,3593.446,3586.1769999999997,3567.272166666667
