time,open,high,low,close,volume
2012-10-12,9.93,10.0,9.83,9.88,2320756.0
2012-10-15,9.89,9.89,9.74,9.82,1868900.0
2012-10-16,9.82,9.9,9.76,9.84,1756700.0
2012-10-17,9.94,9.94,9.77,9.86,1745600.0
2012-10-18,9.88,10.08,9.88,10.04,2037100.0
2012-10-19,10.08,10.1,10.04,10.1,1692700.0
2012-10-22,10.06,10.14,9.98,10.1,6523400.0
2012-10-24,10.08,10.08,9.94,10.02,6668600.0
2012-10-25,10.0,10.04,9.91,9.94,1947200.0
2012-10-26,9.99,9.99,9.68,9.7,15204800.0
2012-10-29,9.61,9.74,9.61,9.67,1113800.0
2012-10-30,9.67,9.7,9.61,9.62,1773100.0
2012-10-31,9.62,9.74,9.62,9.74,1490500.0
2012-11-01,9.78,9.93,9.76,9.93,2263500.0
2012-11-02,10.1,10.1,9.9,9.99,2059100.0
2012-11-05,10.0,10.02,9.88,9.9,729300.0
2012-11-06,9.88,9.88,9.75,9.81,556400.0
2012-11-07,9.8,9.85,9.77,9.85,683500.0
2012-11-08,9.78,9.78,9.64,9.66,1208400.0
2012-11-09,9.66,9.71,9.63,9.67,1129300.0
2012-11-12,9.65,9.74,9.64,9.68,1460900.0
2012-11-13,9.65,9.65,9.5,9.51,1031400.0
2012-11-14,9.51,9.55,9.48,9.54,1594400.0
2012-11-15,9.56,9.56,9.37,9.4,1424100.0
2012-11-16,9.35,9.35,9.25,9.31,1599900.0
2012-11-19,9.3,9.32,9.2,9.3,2075900.0
2012-11-20,9.33,9.36,9.23,9.26,3208100.0
2012-11-21,9.28,9.4,9.19,9.4,1667100.0
2012-11-22,9.33,9.37,9.32,9.34,1034400.0
2012-11-23,9.35,9.43,9.35,9.38,2368400.0
2012-11-26,9.38,9.38,9.28,9.3,1867400.0
2012-11-27,9.27,9.29,9.12,9.14,3429000.0
2012-11-28,9.13,9.13,8.97,8.99,2633600.0
2012-11-29,9.04,9.07,8.98,9.0,2020200.0
2012-11-30,9.01,9.1,8.96,9.06,2778700.0
2012-12-03,9.09,9.11,8.93,8.93,1042700.0
2012-12-04,8.91,9.03,8.89,9.03,1352700.0
2012-12-05,9.06,9.41,9.06,9.41,6421100.0
2012-12-06,9.41,9.41,9.33,9.39,3403400.0
2012-12-07,9.39,9.55,9.35,9.55,5400600.0
2012-12-10,9.61,9.68,9.59,9.68,3246100.0
2012-12-11,9.7,9.7,9.57,9.59,2422000.0
2012-12-12,9.61,9.66,9.52,9.63,1681200.0
2012-12-13,9.67,9.67,9.5,9.54,2473300.0
2012-12-14,9.54,10.02,9.54,10.0,8261900.0
2012-12-17,10.02,10.12,10.0,10.08,5494200.0
2012-12-18,10.1,10.22,9.96,10.1,2693900.0
2012-12-19,10.14,10.14,10.02,10.04,1221700.0
2012-12-20,9.99,10.16,9.96,10.14,4715200.0
2012-12-21,10.1,10.16,10.04,10.04,709300.0
2012-12-24,10.14,10.14,10.04,10.12,288200.0
2012-12-27,10.34,10.44,10.3,10.34,2030100.0
2012-12-28,10.38,10.48,10.32,10.48,1182200.0
2012-12-31,10.34,10.58,10.34,10.56,462700.0
2013-01-02,10.66,10.9,10.66,10.88,1579600.0
2013-01-03,10.98,10.98,10.86,10.86,1731629.0
2013-01-04,10.9,10.9,10.54,10.7,1627229.0
2013-01-07,10.62,10.78,10.62,10.76,1986200.0
2013-01-08,10.76,10.76,10.56,10.58,6118450.0
2013-01-09,10.6,10.68,10.6,10.64,1620300.0
2013-01-10,10.72,10.82,10.66,10.74,1815600.0
2013-01-11,10.74,10.76,10.5,10.56,2220500.0
2013-01-14,10.56,10.92,10.52,10.9,1449504.0
2013-01-15,10.9,11.0,10.9,10.98,2093400.0
2013-01-16,10.94,10.96,10.76,10.9,3938400.0
2013-01-17,10.9,10.9,10.76,10.8,3150900.0
2013-01-18,10.9,10.98,10.78,10.94,4679100.0
2013-01-21,10.92,11.04,10.9,11.0,896800.0
2013-01-22,11.0,11.02,10.88,10.94,2089400.0
2013-01-23,10.94,11.0,10.84,10.96,1638100.0
2013-01-24,10.96,11.16,10.78,10.86,1478500.0
2013-01-25,10.84,10.88,10.78,10.82,2810800.0
2013-01-28,10.9,11.08,10.9,11.06,3691700.0
2013-01-29,11.06,11.16,11.04,11.14,2499100.0
2013-01-30,11.2,11.24,11.1,11.22,3129800.0
2013-01-31,11.24,11.24,11.14,11.18,1750100.0
2013-02-01,11.24,11.38,11.1,11.34,3985400.0
2013-02-04,11.42,11.42,11.26,11.3,2799600.0
2013-02-05,11.24,11.36,11.22,11.3,4524400.0
2013-02-06,11.34,11.42,11.34,11.36,1301150.0
2013-02-07,11.4,11.4,11.18,11.26,3871580.0
2013-02-08,11.34,11.42,11.28,11.42,1501700.0
2013-02-14,11.46,11.52,11.46,11.46,860900.0
2013-02-15,11.48,11.52,11.48,11.5,1122400.0
2013-02-18,11.48,11.52,11.28,11.28,1418800.0
2013-02-19,11.28,11.3,11.02,11.02,2095500.0
2013-02-20,11.1,11.18,11.02,11.16,5015200.0
2013-02-21,10.92,10.96,10.72,10.8,5041200.0
2013-02-22,10.74,10.9,10.74,10.82,2252400.0
2013-02-25,10.82,10.98,10.82,10.9,1292100.0
2013-02-26,10.7,10.94,10.7,10.7,1621100.0
2013-02-27,10.8,10.88,10.74,10.84,1194500.0
2013-02-28,10.96,11.16,10.86,11.14,2607600.0
2013-03-01,11.14,11.14,10.96,11.1,1861500.0
2013-03-04,10.94,10.94,10.6,10.68,5666000.0
2013-03-05,10.78,10.94,10.7,10.9,3263000.0
2013-03-06,10.96,11.06,10.96,11.04,2322300.0
2013-03-07,10.96,11.08,10.84,10.92,1974200.0
2013-03-08,10.98,11.02,10.92,10.94,2050900.0
2013-03-11,10.86,10.94,10.8,10.88,1518400.0
2013-03-12,10.88,10.98,10.58,10.66,2324500.0
2013-03-13,10.64,10.66,10.48,10.56,907200.0
2013-03-14,10.56,10.66,10.52,10.64,715100.0
2013-03-15,10.6,10.88,10.5,10.58,1572200.0
2013-03-18,10.5,10.6,10.5,10.5,2307300.0
2013-03-19,10.56,10.58,10.42,10.5,1492600.0
2013-03-20,10.64,10.92,10.64,10.9,1128300.0
2013-03-21,10.9,10.92,10.84,10.86,1782000.0
2013-03-22,10.88,10.96,10.88,10.94,310500.0
2013-03-25,10.94,11.0,10.86,10.9,885200.0
2013-03-26,10.84,10.84,10.7,10.8,324000.0
2013-03-27,10.86,10.92,10.74,10.78,122800.0
2013-03-28,10.6,10.6,10.46,10.46,679900.0
2013-04-02,10.58,10.62,10.44,10.46,228400.0
2013-04-03,10.42,10.48,10.38,10.38,971800.0
2013-04-04,10.42,10.48,10.38,10.38,971800.0
2013-04-05,10.3,10.3,10.1,10.14,984800.0
2013-04-08,10.06,10.34,10.06,10.32,932700.0
2013-04-09,10.4,10.52,10.4,10.42,446400.0
2013-04-10,10.44,10.44,10.38,10.44,562500.0
2013-04-11,10.54,10.54,10.4,10.4,81000.0
2013-04-12,10.4,10.4,10.34,10.34,151300.0
2013-04-15,10.28,10.3,10.24,10.28,299700.0
2013-04-16,10.18,10.32,10.16,10.3,864900.0
2013-04-17,10.34,10.36,10.26,10.32,414900.0
2013-04-18,10.2,10.46,10.2,10.34,1605500.0
2013-04-19,10.46,10.72,10.46,10.68,780800.0
2013-04-22,10.64,10.66,10.58,10.62,462000.0
2013-04-23,10.54,10.54,10.34,10.36,777600.0
2013-04-24,10.38,10.58,10.36,10.5,838500.0
2013-04-25,10.48,10.54,10.38,10.4,942200.0
2013-04-26,10.44,10.5,10.3,10.32,1552400.0
2013-04-29,10.32,10.32,10.28,10.28,153400.0
2013-04-30,10.36,10.44,10.3,10.38,265000.0
2013-05-02,10.3,10.34,10.24,10.3,505700.0
2013-05-03,10.36,10.6,10.36,10.46,350700.0
2013-05-06,10.66,10.68,10.58,10.64,843200.0
2013-05-07,10.6,10.66,10.58,10.66,359000.0
2013-05-08,10.84,10.84,10.74,10.8,214000.0
2013-05-09,10.8,11.0,10.7,10.74,816700.0
2013-05-10,10.7,10.82,10.7,10.8,504400.0
2013-05-13,10.82,10.82,10.66,10.7,2535400.0
2013-05-14,10.72,10.72,10.5,10.56,725700.0
2013-05-15,10.6,10.64,10.56,10.64,185800.0
2013-05-16,10.64,10.82,10.54,10.82,289600.0
2013-05-20,11.0,11.12,11.0,11.06,1048800.0
2013-05-21,11.1,11.12,11.02,11.08,783000.0
2013-05-22,11.08,11.08,11.04,11.04,158000.0
2013-05-23,11.06,11.14,10.94,10.94,742500.0
2013-05-24,11.06,11.12,10.98,11.04,788700.0
2013-05-27,11.02,11.1,11.02,11.06,178600.0
2013-05-28,11.06,11.3,11.04,11.26,1603200.0
2013-05-29,11.3,11.32,11.16,11.2,1089500.0
2013-05-30,11.22,11.22,11.16,11.2,346400.0
2013-05-31,11.14,11.18,11.04,11.04,3080600.0
2013-06-03,11.1,11.1,11.04,11.04,406800.0
2013-06-04,11.06,11.06,10.92,10.94,195800.0
2013-06-05,10.9,10.96,10.88,10.96,372700.0
2013-06-06,10.86,10.86,10.8,10.8,292800.0
2013-06-07,10.8,10.8,10.62,10.62,263000.0
2013-06-10,10.66,10.66,10.56,10.6,339900.0
2013-06-11,10.58,10.58,10.42,10.42,529600.0
2013-06-13,10.46,10.48,10.18,10.28,583000.0
2013-06-14,10.34,10.36,10.28,10.36,324300.0
2013-06-17,10.4,10.42,10.34,10.4,278600.0
2013-06-18,10.4,10.4,10.34,10.36,239500.0
2013-06-19,10.26,10.3,10.18,10.26,754300.0
2013-06-20,10.26,10.26,10.02,10.02,584300.0
2013-06-21,9.8,10.04,9.78,10.04,547100.0
2013-06-24,9.9,9.9,9.37,9.42,2157800.0
2013-06-25,9.31,9.4,8.79,9.28,1939300.0
2013-06-26,9.32,9.48,9.23,9.44,1242800.0
2013-06-27,9.54,9.57,9.32,9.32,1185800.0
2013-06-28,9.34,9.65,9.34,9.51,1140800.0
2013-07-02,9.53,9.68,9.51,9.64,1769800.0
2013-07-03,9.55,9.56,9.4,9.52,2276600.0
2013-07-04,9.52,9.76,9.52,9.69,482900.0
2013-07-05,9.76,9.81,9.68,9.7,327700.0
2013-07-08,9.5,9.54,9.39,9.45,1102300.0
2013-07-09,9.48,9.49,9.42,9.45,46000.0
2013-07-10,9.5,9.7,9.45,9.7,593300.0
2013-07-11,9.74,10.26,9.74,10.12,861800.0
2013-07-12,10.16,10.16,9.91,9.95,296000.0
2013-07-15,10.02,10.1,9.93,10.0,262600.0
2013-07-16,10.0,10.04,9.93,10.04,479200.0
2013-07-17,10.04,10.12,9.96,9.98,135600.0
2013-07-18,9.84,9.91,9.82,9.83,82100.0
2013-07-19,9.82,9.85,9.59,9.64,135600.0
2013-07-22,9.57,9.73,9.57,9.68,426200.0
2013-07-23,9.72,10.0,9.71,9.95,430600.0
2013-07-24,9.92,9.93,9.75,9.9,213300.0
2013-07-25,9.91,9.91,9.83,9.85,279600.0
2013-07-26,9.79,9.86,9.76,9.79,187100.0
2013-07-29,9.65,9.65,9.57,9.63,496400.0
2013-07-30,9.55,9.73,9.55,9.63,175900.0
2013-07-31,9.76,9.76,9.61,9.61,68200.0
2013-08-01,9.78,9.91,9.78,9.88,348800.0
2013-08-02,9.99,10.02,9.89,9.89,411400.0
2013-08-05,9.91,10.02,9.9,10.02,448900.0
2013-08-06,9.94,10.08,9.94,10.08,409900.0
2013-08-07,10.12,10.18,10.02,10.02,322100.0
2013-08-08,10.02,10.12,10.02,10.06,465300.0
2013-08-09,10.1,10.1,10.02,10.1,300400.0
2013-08-12,10.08,10.32,10.08,10.32,1227000.0
2013-08-13,10.36,10.4,10.32,10.38,322600.0
2013-08-14,10.38,10.38,10.38,10.38,0.0
2013-08-15,10.38,10.44,10.26,10.3,414200.0
2013-08-16,10.18,10.6,10.14,10.16,762100.0
2013-08-19,10.1,10.28,10.08,10.22,147300.0
2013-08-20,10.2,10.2,10.08,10.1,197000.0
2013-08-21,10.18,10.18,10.06,10.14,242600.0
2013-08-22,10.08,10.26,10.08,10.2,450600.0
2013-08-23,10.2,10.2,9.98,10.1,129400.0
2013-08-26,10.14,10.26,10.14,10.26,81600.0
2013-08-27,10.22,10.3,10.22,10.3,143200.0
2013-08-28,10.28,10.3,10.18,10.26,54000.0
2013-08-29,10.26,10.26,10.26,10.26,0.0
2013-08-30,10.3,10.3,10.2,10.2,200.0
2013-09-02,10.28,10.32,10.28,10.3,60000.0
2013-09-03,10.32,10.34,10.32,10.34,142000.0
2013-09-04,10.34,10.38,10.34,10.38,13100.0
2013-09-05,10.4,10.44,10.36,10.4,125600.0
2013-09-06,10.36,10.44,10.36,10.44,25400.0
2013-09-09,10.48,10.72,10.48,10.7,87600.0
2013-09-10,10.74,10.84,10.72,10.82,180100.0
2013-09-11,10.92,10.94,10.84,10.86,412300.0
2013-09-12,10.88,11.0,10.88,10.94,206200.0
2013-09-13,10.88,10.94,10.84,10.94,257700.0
2013-09-16,10.86,10.9,10.86,10.9,122600.0
2013-09-17,10.86,10.86,10.64,10.64,143100.0
2013-09-18,10.6,10.7,10.6,10.7,147700.0
2013-09-19,10.8,10.84,10.78,10.82,248000.0
2013-09-23,10.82,10.82,10.82,10.82,0.0
2013-09-24,10.8,10.8,10.66,10.78,78600.0
2013-09-25,10.74,10.74,10.7,10.7,32200.0
2013-09-26,10.5,10.52,10.5,10.52,10200.0
2013-09-27,10.54,10.56,10.54,10.54,34000.0
2013-09-30,10.56,10.56,10.54,10.54,75000.0
2013-10-02,10.64,10.64,10.54,10.58,22000.0
2013-10-03,10.58,10.66,10.58,10.66,22000.0
2013-10-04,10.66,10.68,10.66,10.68,11800.0
2013-10-07,10.56,10.66,10.56,10.66,12600.0
2013-10-08,10.68,10.76,10.68,10.76,26400.0
2013-10-09,10.7,10.84,10.7,10.82,134700.0
2013-10-10,10.78,10.78,10.74,10.74,222700.0
2013-10-11,10.86,10.88,10.82,10.88,167000.0
2013-10-15,10.94,11.0,10.9,10.96,41300.0
2013-10-16,10.8,10.8,10.64,10.64,268900.0
2013-10-17,10.66,10.72,10.58,10.62,124300.0
2013-10-18,10.58,10.68,10.56,10.64,239900.0
2013-10-21,10.72,10.8,10.68,10.76,254700.0
2013-10-22,10.74,10.74,10.74,10.74,0.0
2013-10-23,10.66,10.66,10.5,10.54,221900.0
2013-10-24,10.58,10.58,10.54,10.56,128000.0
2013-10-25,10.46,10.46,10.34,10.34,55300.0
2013-10-28,10.42,10.42,10.32,10.38,8300.0
2013-10-29,10.42,10.62,10.16,10.34,1124300.0
2013-10-30,10.38,10.48,10.38,10.48,44600.0
2013-10-31,10.42,10.42,10.38,10.4,24500.0
2013-11-01,10.34,10.48,10.34,10.4,445500.0
2013-11-04,10.44,10.44,10.4,10.4,98900.0
2013-11-05,10.38,10.42,10.36,10.38,53400.0
2013-11-06,10.34,10.36,10.32,10.32,70100.0
2013-11-07,10.26,10.28,10.24,10.24,116000.0
2013-11-08,10.2,10.2,10.12,10.16,459100.0
2013-11-11,10.08,10.24,10.08,10.24,288900.0
2013-11-12,10.26,10.26,10.22,10.24,11000.0
2013-11-13,10.06,10.06,10.04,10.04,69000.0
2013-11-14,10.04,10.12,9.99,10.1,426100.0
2013-11-15,10.2,10.42,10.16,10.32,231500.0
2013-11-18,10.46,10.66,10.42,10.66,614200.0
2013-11-19,10.62,10.66,10.56,10.62,658400.0
2013-11-20,10.74,10.74,10.56,10.64,316200.0
2013-11-21,10.54,10.56,10.54,10.56,1000.0
2013-11-22,10.62,10.64,10.58,10.58,40600.0
2013-11-25,10.58,10.62,10.5,10.5,412200.0
2013-11-26,10.52,10.54,10.44,10.46,364300.0
2013-11-27,10.46,10.58,10.46,10.5,1440100.0
2013-11-28,10.8,10.8,10.68,10.7,157000.0
2013-11-29,10.68,10.74,10.66,10.7,627600.0
2013-12-02,10.62,10.8,10.5,10.62,401200.0
2013-12-03,10.62,10.66,10.62,10.64,11000.0
2013-12-04,10.68,10.8,10.68,10.78,341200.0
2013-12-05,10.82,10.82,10.72,10.76,272300.0
2013-12-06,10.72,10.76,10.66,10.72,278300.0
2013-12-09,10.7,10.74,10.62,10.74,550000.0
2013-12-10,10.76,10.78,10.74,10.76,332400.0
2013-12-11,10.56,10.56,10.56,10.56,9000.0
2013-12-12,10.56,10.58,10.52,10.54,180000.0
2013-12-13,10.54,10.6,10.52,10.54,38400.0
2013-12-16,10.56,10.56,10.34,10.34,317000.0
2013-12-17,10.36,10.38,10.3,10.32,93500.0
2013-12-18,10.36,10.4,10.36,10.36,135700.0
2013-12-19,10.3,10.34,10.16,10.18,278000.0
2013-12-20,10.2,10.22,10.04,10.1,547000.0
2013-12-23,10.02,10.08,10.0,10.04,457500.0
2013-12-24,10.06,10.2,10.06,10.16,118800.0
2013-12-27,10.08,10.16,10.06,10.1,119800.0
2013-12-30,10.16,10.18,10.1,10.12,198500.0
2013-12-31,10.04,10.28,10.04,10.28,899800.0
2014-01-02,10.22,10.26,10.18,10.24,119900.0
2014-01-03,10.14,10.22,10.08,10.12,314400.0
2014-01-06,10.04,10.04,9.89,9.95,333100.0
2014-01-07,9.87,9.97,9.87,9.88,166700.0
2014-01-08,9.91,10.04,9.89,9.93,163500.0
2014-01-09,9.94,9.99,9.84,9.84,176200.0
2014-01-10,9.8,9.92,9.8,9.84,419900.0
2014-01-13,9.86,9.92,9.76,9.79,266400.0
2014-01-14,9.75,9.88,9.73,9.84,73900.0
2014-01-15,9.89,9.89,9.79,9.87,287580.0
2014-01-16,9.84,9.91,9.84,9.85,50000.0
2014-01-17,9.8,9.84,9.69,9.7,229100.0
2014-01-20,9.73,9.74,9.6,9.65,89900.0
2014-01-21,9.71,9.79,9.7,9.73,320400.0
2014-01-22,9.73,9.97,9.73,9.95,230300.0
2014-01-23,9.92,9.95,9.92,9.94,3000.0
2014-01-24,9.96,10.08,9.96,10.0,55500.0
2014-01-27,9.98,9.98,9.87,9.93,92000.0
2014-01-28,9.9,10.06,9.87,10.0,797700.0
2014-01-29,10.08,10.08,10.04,10.08,158400.0
2014-01-30,10.04,10.08,9.98,10.08,156500.0
2014-02-04,9.96,9.96,9.8,9.8,240600.0
2014-02-05,9.9,9.9,9.8,9.83,42300.0
2014-02-06,9.86,9.88,9.83,9.86,40300.0
2014-02-07,9.81,10.0,9.79,9.98,116000.0
2014-02-10,10.14,10.2,10.14,10.2,335100.0
2014-02-11,10.22,10.32,10.22,10.26,354900.0
2014-02-12,10.56,10.56,10.28,10.34,97600.0
2014-02-13,10.28,10.34,10.24,10.24,58000.0
2014-02-14,10.26,10.36,10.26,10.36,470500.0
2014-02-17,10.4,10.46,10.38,10.42,107300.0
2014-02-18,10.38,10.4,10.3,10.38,352100.0
2014-02-19,10.36,10.44,10.36,10.42,231000.0
2014-02-20,10.4,10.42,10.3,10.3,301200.0
2014-02-21,10.18,10.22,10.14,10.14,307900.0
2014-02-24,9.99,9.99,9.9,9.95,414900.0
2014-02-25,9.94,9.94,9.61,9.66,510800.0
2014-02-26,9.61,9.67,9.55,9.64,1065900.0
2014-02-27,9.69,9.78,9.65,9.65,679400.0
2014-02-28,9.67,9.78,9.5,9.78,2350800.0
2014-03-03,9.65,9.75,9.65,9.7,187500.0
2014-03-04,9.7,9.75,9.64,9.75,914500.0
2014-03-05,9.76,9.76,9.69,9.69,402900.0
2014-03-06,9.7,9.77,9.68,9.75,354300.0
2014-03-07,9.79,9.8,9.71,9.72,461500.0
2014-03-10,9.5,9.51,9.4,9.49,1160100.0
2014-03-11,9.49,9.49,9.37,9.45,36300.0
2014-03-12,9.44,9.49,9.36,9.45,72600.0
2014-03-13,9.49,9.58,9.45,9.58,346400.0
2014-03-14,9.54,9.56,9.49,9.5,33200.0
2014-03-17,9.61,9.66,9.58,9.63,204300.0
2014-03-18,9.64,9.65,9.55,9.59,204300.0
2014-03-19,9.36,9.58,9.36,9.51,248100.0
2014-03-20,9.47,9.52,9.24,9.28,377300.0
2014-03-21,9.27,9.61,9.25,9.53,753300.0
2014-03-24,9.58,9.73,9.55,9.64,546700.0
2014-03-25,9.71,9.78,9.62,9.65,297400.0
2014-03-26,9.72,9.72,9.63,9.69,221800.0
2014-03-27,9.75,9.75,9.5,9.55,801300.0
2014-03-28,9.55,9.65,9.49,9.53,265000.0
2014-03-31,8.79,9.54,8.79,9.46,1278200.0
2014-04-01,9.44,9.57,9.44,9.54,1328800.0
2014-04-02,9.52,9.59,9.52,9.56,900200.0
2014-04-03,9.61,9.63,9.45,9.5,1199700.0
2014-04-04,9.2,9.52,9.2,9.51,421700.0
2014-04-07,9.51,9.51,9.47,9.49,99500.0
2014-04-08,9.53,9.78,9.53,9.75,217300.0
2014-04-09,9.46,9.82,9.46,9.77,210800.0
2014-04-10,9.76,9.99,9.73,9.98,243300.0
2014-04-11,9.58,9.95,9.58,9.85,758000.0
2014-04-14,9.87,9.87,9.82,9.85,548700.0
2014-04-15,9.77,9.77,9.64,9.67,225900.0
2014-04-16,9.69,9.69,9.65,9.66,28400.0
2014-04-17,9.75,9.76,9.65,9.66,162700.0
2014-04-22,9.43,9.51,9.38,9.51,654900.0
2014-04-23,9.5,9.54,9.46,9.46,187000.0
2014-04-24,9.47,9.52,9.47,9.47,20000.0
2014-04-25,9.42,9.45,9.33,9.33,323600.0
2014-04-28,9.26,9.32,9.17,9.19,1064200.0
2014-04-29,9.22,9.27,9.22,9.27,293000.0
2014-04-30,9.23,9.27,9.23,9.27,245200.0
2014-05-02,9.33,9.33,9.33,9.33,50000.0
2014-05-05,9.21,9.36,9.21,9.3,377500.0
2014-05-07,9.39,9.49,9.39,9.4,1121400.0
2014-05-08,9.54,9.54,9.41,9.42,167500.0
2014-05-09,9.6,9.6,9.37,9.38,250000.0
2014-05-12,9.55,9.57,9.55,9.56,45800.0
2014-05-13,9.6,9.61,9.56,9.58,451000.0
2014-05-14,9.57,9.65,9.57,9.58,249000.0
2014-05-15,9.56,9.56,9.44,9.49,77900.0
2014-05-16,9.47,9.47,9.47,9.47,0.0
2014-05-19,9.32,9.34,9.32,9.34,88900.0
2014-05-20,9.4,9.4,9.31,9.31,97000.0
2014-05-21,9.36,9.37,9.32,9.37,158000.0
2014-05-22,9.47,9.52,9.44,9.45,377800.0
2014-05-23,9.43,9.49,9.43,9.48,443500.0
2014-05-26,9.56,9.56,9.52,9.56,547600.0
2014-05-27,9.5,9.53,9.5,9.52,84000.0
2014-05-28,9.48,9.58,9.46,9.58,78500.0
2014-05-29,9.58,9.58,9.52,9.52,100.0
2014-05-30,9.53,9.58,9.53,9.54,1400.0
2014-06-03,9.54,9.55,9.49,9.49,40000.0
2014-06-04,9.43,9.43,9.43,9.43,0.0
2014-06-05,9.38,9.48,9.38,9.48,49100.0
2014-06-06,9.5,9.5,9.42,9.45,388800.0
2014-06-09,9.47,9.52,9.47,9.49,109800.0
2014-06-10,9.52,9.6,9.51,9.6,17300.0
2014-06-11,9.6,9.6,9.6,9.6,0.0
2014-06-12,9.63,9.63,9.61,9.62,133500.0
2014-06-13,9.68,9.75,9.67,9.75,248000.0
2014-06-16,9.74,9.83,9.74,9.79,99700.0
2014-06-17,9.73,9.73,9.64,9.66,146900.0
2014-06-18,9.63,9.65,9.6,9.61,647200.0
2014-06-19,9.47,9.47,9.47,9.47,0.0
2014-06-20,9.52,9.53,9.52,9.53,217100.0
2014-06-23,9.53,9.53,9.49,9.5,355200.0
2014-06-24,9.56,9.56,9.56,9.56,32000.0
2014-06-25,9.56,9.56,9.56,9.56,0.0
2014-06-26,9.61,9.61,9.61,9.61,5000.0
2014-06-27,9.61,9.69,9.61,9.63,209000.0
2014-06-30,9.71,9.74,9.7,9.74,153500.0
2014-07-02,9.69,9.77,9.69,9.77,84000.0
2014-07-03,9.8,9.84,9.78,9.81,115000.0
2014-07-04,9.8,9.8,9.8,9.8,80000.0
2014-07-07,9.87,9.87,9.82,9.83,99900.0
2014-07-08,9.79,9.82,9.75,9.82,50400.0
2014-07-09,9.79,9.79,9.75,9.75,10000.0
2014-07-10,9.7,9.7,9.7,9.7,1000.0
2014-07-11,9.65,9.76,9.65,9.74,36000.0
2014-07-14,9.83,9.83,9.83,9.83,5500.0
2014-07-15,9.89,9.89,9.83,9.84,4400.0
2014-07-16,9.82,9.86,9.79,9.8,42000.0
2014-07-17,9.81,9.81,9.74,9.76,80000.0
2014-07-18,9.8,9.8,9.8,9.8,0.0
2014-07-21,9.84,9.84,9.83,9.83,5500.0
2014-07-22,9.99,10.0,9.99,10.0,79400.0
2014-07-23,10.02,10.02,10.0,10.0,8000.0
2014-07-24,10.08,10.22,10.08,10.2,137500.0
2014-07-25,10.2,10.32,10.2,10.3,212800.0
2014-07-28,10.38,10.6,10.38,10.56,243300.0
2014-07-29,10.82,10.82,10.6,10.6,78100.0
2014-07-30,10.6,10.64,10.6,10.62,47000.0
2014-07-31,10.62,10.76,10.62,10.76,85700.0
2014-08-01,10.66,10.84,10.66,10.7,140900.0
2014-08-04,10.74,10.88,10.72,10.88,39500.0
2014-08-05,10.82,10.84,10.82,10.84,48900.0
2014-08-06,10.72,10.82,10.72,10.82,55000.0
2014-08-07,10.82,10.86,10.72,10.72,11500.0
2014-08-08,10.72,10.72,10.72,10.72,0.0
2014-08-11,10.82,10.88,10.82,10.88,26000.0
2014-08-12,10.88,10.88,10.84,10.88,672400.0
2014-08-13,10.8,10.92,10.8,10.9,24000.0
2014-08-14,10.82,10.82,10.82,10.82,10000.0
2014-08-15,10.82,10.9,10.82,10.88,91300.0
2014-08-18,10.92,11.0,10.92,11.0,14200.0
2014-08-19,11.02,11.02,10.9,10.98,41700.0
2014-08-20,10.98,10.98,10.98,10.98,0.0
2014-08-21,10.9,10.9,10.88,10.88,20000.0
2014-08-22,10.82,10.88,10.82,10.88,1000.0
2014-08-25,10.9,10.9,10.84,10.84,17700.0
2014-08-26,10.74,10.74,10.74,10.74,0.0
2014-08-27,10.76,10.76,10.7,10.7,23500.0
2014-08-28,10.64,10.66,10.64,10.66,31200.0
2014-08-29,10.7,10.78,10.7,10.78,5000.0
2014-09-01,10.86,10.88,10.86,10.88,30300.0
2014-09-02,10.94,11.02,10.94,11.02,27300.0
2014-09-03,11.1,11.2,11.1,11.2,98800.0
2014-09-04,11.16,11.18,11.16,11.18,4000.0
2014-09-05,11.32,11.36,11.28,11.34,692400.0
2014-09-08,11.34,11.34,11.34,11.34,20000.0
2014-09-10,11.18,11.22,11.18,11.22,11000.0
2014-09-11,11.34,11.34,11.22,11.22,21100.0
2014-09-12,11.28,11.3,11.16,11.26,263200.0
2014-09-15,11.3,11.3,11.24,11.24,30000.0
2014-09-16,11.28,11.28,11.02,11.02,50000.0
2014-09-17,11.4,11.4,11.08,11.1,107500.0
2014-09-18,11.02,11.16,11.02,11.02,605500.0
2014-09-19,11.0,11.12,11.0,11.12,148800.0
2014-09-22,11.24,11.24,10.96,10.96,50400.0
2014-09-23,11.06,11.06,11.06,11.06,62900.0
2014-09-24,11.16,11.28,11.16,11.28,29600.0
2014-09-25,11.2,11.2,11.2,11.2,46700.0
2014-09-26,11.18,11.24,11.18,11.22,200400.0
2014-09-29,11.26,11.3,11.22,11.3,266200.0
2014-09-30,11.28,11.3,11.24,11.26,150140.0
2014-10-03,11.24,11.38,11.24,11.34,149500.0
2014-10-06,11.4,11.48,11.36,11.42,97700.0
2014-10-07,11.48,11.48,11.48,11.48,0.0
2014-10-08,11.56,11.56,11.32,11.48,82900.0
2014-10-09,11.54,11.56,11.5,11.52,55700.0
2014-10-10,11.5,11.5,11.5,11.5,5000.0
2014-10-13,11.3,11.42,11.3,11.42,1800.0
2014-10-14,11.42,11.42,11.42,11.42,24900.0
2014-10-15,11.42,11.42,11.42,11.42,0.0
2014-10-16,11.42,11.5,11.36,11.36,7400.0
2014-10-17,11.16,11.26,11.16,11.24,55200.0
2014-10-20,11.26,11.3,11.22,11.3,308100.0
2014-10-21,11.3,11.3,11.26,11.26,20140.0
2014-10-22,11.28,11.28,11.22,11.22,2000.0
2014-10-23,11.14,11.14,11.06,11.06,20100.0
2014-10-24,11.06,11.06,11.06,11.06,0.0
2014-10-27,11.02,11.02,11.02,11.02,0.0
2014-10-28,11.1,11.18,11.1,11.18,4500.0
2014-10-29,11.4,11.4,11.36,11.36,72000.0
2014-10-30,11.4,11.4,11.4,11.4,5000.0
2014-10-31,11.48,11.56,11.48,11.56,42000.0
2014-11-03,11.54,11.54,11.48,11.52,145600.0
2014-11-04,11.52,11.54,11.52,11.54,2200.0
2014-11-05,11.5,11.54,11.48,11.52,75700.0
2014-11-06,11.48,11.5,11.44,11.5,16700.0
2014-11-07,11.52,11.66,11.52,11.52,249900.0
2014-11-10,11.64,11.72,11.64,11.72,6600.0
2014-11-11,11.82,11.84,11.72,11.72,60800.0
2014-11-12,11.66,11.86,11.66,11.86,223000.0
2014-11-13,11.94,12.0,11.82,11.84,222700.0
2014-11-14,11.88,11.88,11.8,11.86,122100.0
2014-11-17,11.76,11.76,11.4,11.56,1066700.0
2014-11-18,11.58,11.62,11.48,11.48,29400.0
2014-11-19,11.54,11.54,11.52,11.52,121400.0
2014-11-20,11.38,11.46,11.38,11.46,177300.0
2014-11-21,11.58,11.7,11.58,11.7,84300.0
2014-11-24,11.88,12.0,11.88,11.96,79200.0
2014-11-25,12.0,12.12,12.0,12.1,226300.0
2014-11-26,12.26,12.42,12.2,12.42,196500.0
2014-11-27,12.44,12.48,12.28,12.36,25500.0
2014-11-28,12.34,12.5,12.32,12.48,70500.0
2014-12-01,12.54,12.62,12.32,12.42,547000.0
2014-12-02,12.6,13.0,12.6,12.88,279800.0
2014-12-03,13.04,13.26,12.96,13.08,596700.0
2014-12-04,13.22,13.8,13.22,13.74,910250.0
2014-12-05,13.8,14.02,13.32,13.68,1141300.0
2014-12-08,13.78,14.26,13.58,14.14,1366300.0
2014-12-09,14.0,14.4,12.92,13.1,1122500.0
2014-12-10,13.5,14.04,13.2,14.02,682500.0
2014-12-11,13.58,14.0,13.58,13.76,674100.0
2014-12-12,13.92,14.04,13.8,13.94,57600.0
2014-12-15,13.82,14.2,13.72,14.0,185500.0
2014-12-16,14.06,14.2,13.98,14.2,207600.0
2014-12-17,14.2,14.5,14.2,14.38,520500.0
2014-12-18,14.44,14.54,14.26,14.34,574200.0
2014-12-19,14.32,14.6,14.06,14.4,247400.0
2014-12-22,14.54,14.68,14.38,14.42,274800.0
2014-12-23,14.32,14.58,13.9,13.98,664800.0
2014-12-24,13.8,13.98,13.74,13.84,33700.0
2014-12-29,14.1,14.96,14.1,14.62,246600.0
2014-12-30,14.66,14.86,14.58,14.72,63300.0
2014-12-31,14.68,14.78,14.68,14.74,35000.0
2015-01-02,15.06,15.2,14.96,15.2,259100.0
2015-01-05,15.18,15.68,15.02,15.36,340100.0
2015-01-06,15.46,15.68,15.14,15.28,1000800.0
2015-01-07,15.28,15.48,15.24,15.4,344500.0
2015-01-08,15.44,15.48,15.1,15.16,363100.0
2015-01-09,15.16,15.68,14.98,15.02,365200.0
2015-01-12,15.08,15.14,14.78,14.98,264000.0
2015-01-13,15.06,15.12,14.96,15.04,86800.0
2015-01-14,15.12,15.14,14.88,14.94,73900.0
2015-01-15,14.94,15.48,14.94,15.42,112700.0
2015-01-16,15.42,15.54,15.32,15.44,118600.0
2015-01-19,14.84,14.94,13.94,14.14,477300.0
2015-01-20,14.44,14.64,14.3,14.64,47800.0
2015-01-21,14.82,15.28,14.82,15.24,42500.0
2015-01-22,15.24,15.4,15.14,15.28,195000.0
2015-01-23,15.26,15.56,15.18,15.3,377400.0
2015-01-26,15.16,15.42,15.16,15.32,277500.0
2015-01-27,15.32,15.44,15.02,15.22,235100.0
2015-01-28,15.08,15.36,15.08,15.14,377200.0
2015-01-29,14.96,15.06,14.88,14.94,186300.0
2015-01-30,15.08,15.08,14.76,14.78,42000.0
2015-02-02,14.52,14.68,14.36,14.48,221800.0
2015-02-03,14.62,14.86,14.54,14.86,88700.0
2015-02-04,14.96,15.04,14.7,14.74,159700.0
2015-02-05,14.86,14.96,14.58,14.58,57300.0
2015-02-06,14.5,14.66,14.16,14.26,73600.0
2015-02-09,14.16,14.5,14.16,14.38,126900.0
2015-02-10,14.52,14.66,14.48,14.66,53500.0
2015-02-11,14.66,14.7,14.62,14.7,14100.0
2015-02-12,14.84,14.94,14.66,14.8,243900.0
2015-02-13,14.92,15.14,14.82,14.96,458900.0
2015-02-16,15.06,15.16,14.92,15.04,94900.0
2015-02-17,15.14,15.32,15.12,15.26,106300.0
2015-02-18,15.22,15.22,15.16,15.16,188500.0
2015-02-23,15.22,15.28,15.22,15.26,42000.0
2015-02-24,15.14,15.28,15.1,15.2,296800.0
2015-02-25,15.16,15.26,15.04,15.1,60500.0
2015-02-26,15.0,15.44,14.96,15.26,2027800.0
2015-02-27,15.36,15.52,15.34,15.34,200400.0
2015-03-02,15.48,15.58,15.42,15.58,60600.0
2015-03-03,15.52,15.52,15.24,15.3,169000.0
2015-03-04,15.36,15.46,15.24,15.42,60300.0
2015-03-05,15.34,15.34,15.1,15.3,53400.0
2015-03-06,15.3,15.36,15.16,15.2,168600.0
2015-03-09,14.98,15.5,14.96,15.36,134300.0
2015-03-10,15.38,15.56,15.36,15.46,46400.0
2015-03-11,15.46,15.5,15.42,15.48,129000.0
2015-03-12,15.66,15.66,15.56,15.62,107300.0
2015-03-13,15.62,15.82,15.62,15.78,36400.0
2015-03-16,15.78,16.18,15.78,16.18,211400.0
2015-03-17,16.3,16.5,16.3,16.48,311100.0
2015-03-18,16.58,16.9,16.48,16.8,176900.0
2015-03-19,16.86,17.0,16.82,17.0,24700.0
2015-03-20,17.1,17.22,16.96,17.2,87200.0
2015-03-23,17.2,17.44,17.2,17.42,27900.0
2015-03-24,17.62,17.62,17.1,17.42,190500.0
2015-03-25,17.5,17.5,17.42,17.42,46200.0
2015-03-26,17.34,17.48,17.32,17.44,15700.0
2015-03-27,17.52,17.52,17.42,17.46,9000.0
2015-03-30,17.72,18.14,17.6,18.08,380000.0
2015-03-31,18.22,18.26,17.84,17.84,102200.0
2015-04-01,18.0,18.3,17.94,18.16,253500.0
2015-04-02,18.42,18.42,18.18,18.36,35500.0
2015-04-08,18.54,18.96,18.54,18.92,122500.0
2015-04-09,18.92,19.18,18.48,18.64,110600.0
2015-04-10,18.64,19.1,18.64,19.1,214200.0
2015-04-13,19.1,19.48,19.1,19.48,79100.0
2015-04-14,19.36,19.64,19.36,19.6,61800.0
2015-04-15,19.46,19.5,19.26,19.28,67100.0
2015-04-16,19.12,19.86,19.02,19.76,137400.0
2015-04-17,19.98,20.25,19.96,20.1,165000.0
2015-04-20,20.75,20.75,19.52,19.88,405900.0
2015-04-21,19.96,20.4,19.74,20.4,28000.0
2015-04-22,20.3,20.95,20.3,20.85,38400.0
2015-04-23,21.05,21.1,20.65,20.85,309400.0
2015-04-24,20.7,20.9,20.35,20.6,352000.0
2015-04-27,21.2,21.5,20.9,21.2,69200.0
2015-04-28,20.9,21.1,20.6,20.9,1491200.0
2015-04-29,20.9,21.1,20.7,21.05,117700.0
2015-04-30,19.8,21.25,19.8,21.1,186400.0
2015-05-04,20.95,21.1,20.8,21.0,1378500.0
2015-05-05,20.95,21.05,20.2,20.3,662300.0
2015-05-06,20.5,20.7,19.96,20.1,241300.0
2015-05-07,19.7,20.05,19.18,19.58,409300.0
2015-05-08,19.86,20.1,19.54,20.1,938500.0
2015-05-11,20.35,20.95,20.15,20.95,394100.0
2015-05-12,20.65,21.05,20.65,20.9,714700.0
2015-05-13,21.05,21.1,20.8,20.9,109200.0
2015-05-14,20.9,20.9,20.75,20.9,79700.0
2015-05-15,20.0,20.85,20.0,20.55,164200.0
2015-05-18,20.55,20.65,20.35,20.4,116900.0
2015-05-19,18.9,21.3,18.9,21.3,214200.0
2015-05-20,21.3,21.85,21.3,21.4,143200.0
2015-05-21,21.6,22.1,21.45,22.05,152300.0
2015-05-22,22.3,22.65,22.15,22.65,222100.0
2015-05-26,23.1,23.8,22.95,23.8,393000.0
2015-05-27,23.8,23.9,23.3,23.85,276600.0
2015-05-28,23.7,23.85,21.6,22.25,1167200.0
2015-05-29,21.95,22.6,21.35,22.15,362500.0
2015-06-01,22.15,23.4,22.05,23.35,408358.0
2015-06-02,23.4,23.85,23.1,23.7,231200.0
2015-06-03,22.85,23.9,22.85,23.65,170400.0
2015-06-04,23.6,23.9,22.05,23.8,391300.0
2015-06-05,23.85,24.15,23.5,23.8,536400.0
2015-06-08,23.95,24.4,23.65,24.35,619100.0
2015-06-09,24.55,24.55,23.9,24.15,193300.0
2015-06-10,23.65,24.75,23.65,24.25,582400.0
2015-06-11,24.2,24.55,24.2,24.45,106300.0
2015-06-12,23.0,24.85,23.0,24.85,505600.0
2015-06-15,24.5,24.7,24.05,24.15,252400.0
2015-06-16,23.75,24.0,23.05,23.25,360100.0
2015-06-17,23.25,23.75,22.9,23.75,138911.0
2015-06-18,23.65,23.8,22.9,22.9,526200.0
2015-06-19,22.8,22.9,21.3,21.85,627800.0
2015-06-22,21.7,22.0,21.6,21.7,307400.0
2015-06-23,21.7,22.1,20.9,22.1,145500.0
2015-06-24,22.1,22.7,21.8,22.6,81600.0
2015-06-25,22.55,22.7,21.65,22.0,84260.0
2015-06-26,21.55,21.95,19.94,19.96,247700.0
2015-06-29,21.9,21.9,17.26,18.46,373300.0
2015-06-30,18.92,20.35,18.0,20.25,454000.0
2015-07-02,20.0,20.0,18.5,18.78,173600.0
2015-07-03,18.08,19.12,17.3,17.66,288600.0
2015-07-06,18.62,18.64,16.76,17.52,434800.0
2015-07-07,17.08,17.42,16.5,16.58,326200.0
2015-07-08,15.62,16.42,12.6,15.98,377100.0
2015-07-09,14.16,17.06,14.16,16.64,327900.0
2015-07-10,17.02,18.04,17.02,17.94,184800.0
2015-07-13,18.14,18.68,17.9,18.2,254700.0
2015-07-14,18.46,18.9,18.1,18.36,165400.0
2015-07-15,18.16,18.78,16.26,17.36,473600.0
2015-07-16,17.06,17.98,17.0,17.8,403600.0
2015-07-17,17.92,19.0,17.8,18.56,203800.0
2015-07-20,18.6,18.68,18.26,18.44,126000.0
2015-07-21,18.36,18.74,18.26,18.52,113700.0
2015-07-22,18.6,18.76,18.44,18.58,46400.0
2015-07-23,18.82,19.2,18.8,19.16,94000.0
2015-07-24,19.4,19.42,18.8,18.86,79500.0
2015-07-27,18.64,18.86,17.3,17.3,55200.0
2015-07-28,16.74,17.38,16.5,17.16,93600.0
2015-07-29,17.44,17.86,17.14,17.84,46700.0
2015-07-30,17.82,17.88,17.24,17.24,32600.0
2015-07-31,17.28,17.36,17.0,17.0,129000.0
2015-08-03,16.34,17.06,16.3,16.98,79900.0
2015-08-04,17.0,17.7,17.0,17.6,24900.0
2015-08-05,17.52,17.66,17.42,17.42,22800.0
2015-08-06,17.24,17.42,17.18,17.28,70000.0
2015-08-07,17.0,17.76,16.84,17.58,303400.0
2015-08-10,17.8,18.6,17.8,18.58,380600.0
2015-08-11,18.24,18.32,18.14,18.14,51300.0
2015-08-12,17.94,17.96,17.34,17.52,198200.0
2015-08-13,17.64,17.94,17.58,17.94,54400.0
2015-08-14,17.9,18.1,17.9,17.96,22400.0
2015-08-17,17.84,18.12,17.76,18.12,7000.0
2015-08-18,18.14,18.26,16.86,16.9,92800.0
2015-08-19,16.66,17.16,16.32,17.08,277400.0
2015-08-20,16.88,17.14,16.3,16.5,281300.0
2015-08-21,16.32,16.48,15.64,15.7,310900.0
2015-08-24,14.92,14.92,14.3,14.36,152200.0
2015-08-25,14.5,14.5,13.26,13.28,514500.0
2015-08-26,13.8,13.8,12.68,12.76,214000.0
2015-08-27,13.32,14.58,13.16,14.3,366300.0
2015-08-28,14.12,14.5,14.0,14.44,81100.0
2015-08-31,14.46,14.54,13.94,14.52,245300.0
2015-09-01,14.06,14.22,14.04,14.22,18300.0
2015-09-02,13.86,14.3,13.84,14.2,118600.0
2015-09-04,14.14,14.24,14.06,14.24,104300.0
2015-09-07,14.42,14.46,13.9,13.9,106700.0
2015-09-08,13.92,14.34,13.56,14.28,241500.0
2015-09-09,14.3,14.8,14.3,14.64,263200.0
2015-09-10,14.58,14.68,14.42,14.68,264700.0
2015-09-11,14.54,14.6,14.38,14.44,188200.0
2015-09-14,14.28,14.32,13.64,13.98,206600.0
2015-09-15,13.68,14.0,13.64,13.98,507300.0
2015-09-16,13.86,14.44,13.58,14.24,94800.0
2015-09-17,14.1,14.38,14.02,14.1,145100.0
2015-09-18,14.02,14.2,13.96,14.12,35300.0
2015-09-21,14.12,14.4,14.12,14.3,4700.0
2015-09-22,14.58,14.58,14.42,14.42,12600.0
2015-09-23,14.24,14.26,14.2,14.22,14400.0
2015-09-24,14.22,14.28,14.22,14.28,5700.0
2015-09-25,14.06,14.66,14.0,14.08,169400.0
2015-09-29,13.8,13.88,13.76,13.86,68000.0
2015-09-30,14.0,14.12,14.0,14.06,29300.0
2015-10-02,14.12,14.44,14.12,14.34,54400.0
2015-10-05,14.28,14.34,14.28,14.34,11100.0
2015-10-06,14.34,14.44,14.34,14.4,49100.0
2015-10-07,14.4,15.14,14.38,15.12,81200.0
2015-10-08,14.34,15.4,14.34,14.68,243300.0
2015-10-09,14.7,14.82,14.64,14.82,19000.0
2015-10-12,14.92,15.44,14.92,15.42,22600.0
2015-10-13,15.46,15.48,15.3,15.36,63900.0
2015-10-14,15.3,15.3,15.16,15.16,12000.0
2015-10-15,15.3,15.6,15.3,15.58,49700.0
2015-10-16,15.58,15.76,15.58,15.76,1900.0
2015-10-19,15.88,15.94,15.7,15.9,24100.0
2015-10-20,15.7,16.62,15.64,16.34,257300.0
2015-10-22,15.86,16.06,15.7,16.04,7800.0
2015-10-23,16.12,16.12,16.06,16.06,49400.0
2015-10-27,15.98,16.18,15.98,16.18,41500.0
2015-10-28,15.94,15.94,15.66,15.66,76600.0
2015-10-29,15.72,15.72,15.72,15.72,100.0
2015-10-30,15.88,16.0,15.84,15.88,54800.0
2015-11-02,15.74,15.74,15.5,15.5,60600.0
2015-11-04,15.44,16.06,15.42,16.02,74100.0
2015-11-05,16.2,16.38,16.2,16.36,7000.0
2015-11-06,16.44,16.94,16.44,16.82,144800.0
2015-11-09,17.24,18.12,17.08,18.0,195000.0
2015-11-10,17.84,18.3,17.84,18.0,146000.0
2015-11-11,18.0,18.1,17.98,18.1,19800.0
2015-11-12,17.98,17.98,17.82,17.94,12300.0
2015-11-16,17.5,17.74,17.44,17.74,106700.0
2015-11-17,18.08,18.22,17.74,17.78,39000.0
2015-11-19,17.8,17.8,17.8,17.8,1100.0
2015-11-20,17.9,17.96,17.84,17.96,9400.0
2015-11-23,17.92,18.0,17.86,17.86,600.0
2015-11-24,17.64,17.94,17.58,17.92,32700.0
2015-11-26,18.0,18.0,17.92,17.92,180100.0
2015-11-27,17.14,17.14,16.9,16.9,19400.0
2015-11-30,16.94,17.12,16.94,17.12,20000.0
2015-12-01,17.04,17.3,17.0,17.06,24200.0
2015-12-02,17.16,17.5,16.94,17.36,107600.0
2015-12-03,17.38,17.56,17.36,17.54,5100.0
2015-12-04,17.46,17.46,17.28,17.28,1100.0
2015-12-07,17.36,17.36,17.36,17.36,500.0
2015-12-09,16.88,16.9,16.8,16.84,4400.0
2015-12-10,16.9,16.9,16.8,16.8,6000.0
2015-12-11,16.6,16.6,16.6,16.6,8400.0
2015-12-14,16.58,17.04,16.58,17.04,900.0
2015-12-15,17.08,17.12,16.98,16.98,1000.0
2015-12-17,17.38,17.4,17.38,17.4,700.0
2015-12-18,17.44,17.44,17.4,17.4,100.0
2015-12-21,17.64,17.74,17.64,17.74,1500.0
2015-12-22,17.8,17.86,17.8,17.86,6300.0
2015-12-23,17.88,17.9,17.82,17.82,7400.0
2015-12-24,17.54,17.54,17.52,17.52,4800.0
2015-12-28,17.72,17.74,17.26,17.26,6900.0
2015-12-29,17.22,17.3,17.0,17.3,146100.0
2015-12-30,17.42,17.46,17.42,17.46,400.0
2015-12-31,17.46,17.64,17.34,17.48,121600.0
2016-01-04,17.26,17.26,15.82,15.82,36900.0
2016-01-05,15.68,15.84,15.36,15.82,48100.0
2016-01-06,15.72,15.88,15.62,15.84,38300.0
2016-01-07,15.42,15.42,14.68,14.72,110400.0
2016-01-08,15.16,15.18,14.32,14.9,41300.0
2016-01-11,14.62,14.66,14.08,14.1,25000.0
2016-01-12,14.24,14.3,14.02,14.26,135700.0
2016-01-13,14.38,14.48,13.96,13.96,76200.0
2016-01-14,13.78,14.3,13.68,14.3,8900.0
2016-01-15,14.26,14.26,13.88,14.0,1700.0
2016-01-18,13.98,13.98,13.98,13.98,800.0
2016-01-19,14.06,14.64,13.98,14.54,68100.0
2016-01-20,14.4,14.42,14.32,14.42,13700.0
2016-01-21,14.18,14.46,13.98,13.98,15800.0
2016-01-22,14.14,14.26,13.86,14.0,21300.0
2016-01-25,14.12,14.12,14.12,14.12,2000.0
2016-01-26,13.22,13.34,13.22,13.32,9500.0
2016-01-27,13.36,13.36,12.9,13.08,23300.0
2016-01-29,12.76,13.12,12.64,12.96,86800.0
2016-02-01,12.88,12.94,12.74,12.9,8200.0
2016-02-02,13.12,13.22,13.06,13.12,29500.0
2016-02-03,12.96,13.18,12.96,13.18,11900.0
2016-02-04,13.46,13.46,13.24,13.3,37100.0
2016-02-05,13.48,13.48,13.34,13.34,33100.0
2016-02-11,12.82,13.0,12.82,12.92,16000.0
2016-02-12,12.84,12.94,12.82,12.84,14000.0
2016-02-15,13.08,13.44,12.96,13.42,44200.0
2016-02-16,13.56,13.86,13.56,13.82,55200.0
2016-02-17,13.88,13.98,13.82,13.94,36300.0
2016-02-18,14.08,14.14,14.0,14.0,40500.0
2016-02-23,14.0,14.08,14.0,14.08,4100.0
2016-02-25,13.56,13.56,13.28,13.28,6600.0
2016-02-26,13.48,13.48,13.42,13.42,4600.0
2016-03-01,13.18,13.18,13.18,13.18,5000.0
2016-03-02,13.64,13.72,13.58,13.7,2200.0
2016-03-04,13.74,13.8,13.74,13.8,7200.0
2016-03-07,13.96,13.98,13.96,13.96,3100.0
2016-03-08,13.86,13.88,13.66,13.86,33300.0
2016-03-09,13.7,13.7,13.7,13.7,3000.0
2016-03-11,13.4,13.4,13.36,13.4,26800.0
2016-03-14,13.8,13.8,13.78,13.78,600.0
2016-03-15,13.72,13.72,13.64,13.64,1100.0
2016-03-17,13.86,13.98,13.84,13.98,2500.0
2016-03-18,13.96,14.26,13.64,14.22,874400.0
2016-03-21,14.48,14.52,14.48,14.5,3100.0
2016-03-22,14.46,14.46,14.38,14.44,93000.0
2016-03-24,14.18,14.38,14.14,14.16,80200.0
2016-03-29,14.08,14.08,13.96,13.96,8500.0
2016-03-30,14.22,14.54,14.22,14.54,37000.0
2016-03-31,14.48,14.48,14.46,14.46,96000.0
2016-04-01,14.46,14.46,14.22,14.42,191900.0
2016-04-05,14.66,14.66,14.66,14.66,1100.0
2016-04-06,14.66,14.7,14.64,14.64,6200.0
2016-04-07,14.66,14.66,14.42,14.42,88300.0
2016-04-08,14.32,14.44,14.28,14.44,35400.0
2016-04-11,14.56,14.56,14.56,14.56,10000.0
2016-04-12,14.44,14.5,14.44,14.5,2000.0
2016-04-13,14.9,14.9,14.8,14.8,9000.0
2016-04-15,14.86,14.86,14.84,14.86,1400.0
2016-04-18,14.68,14.74,14.58,14.58,32500.0
2016-04-19,14.68,14.76,14.68,14.76,1200.0
2016-04-20,14.56,14.56,14.06,14.18,158600.0
2016-04-21,14.12,14.32,14.1,14.16,30700.0
2016-04-25,14.1,14.1,13.84,13.94,9600.0
2016-04-26,14.02,14.16,14.02,14.16,500.0
2016-04-27,14.22,14.22,14.1,14.1,1400.0
2016-04-28,13.96,14.0,13.96,14.0,200.0
2016-04-29,14.08,14.08,14.06,14.06,5200.0
2016-05-03,14.36,14.42,14.36,14.38,4000.0
2016-05-04,14.26,14.32,14.26,14.32,26000.0
2016-05-06,13.84,13.88,13.84,13.86,8000.0
2016-05-09,13.52,13.52,13.48,13.48,4000.0
2016-05-10,13.5,13.52,13.5,13.5,2500.0
2016-05-11,13.46,13.6,13.44,13.56,5600.0
2016-05-12,13.32,13.48,13.3,13.48,9500.0
2016-05-13,13.52,13.52,13.5,13.5,3000.0
2016-05-16,13.68,13.68,13.44,13.54,33000.0
2016-05-17,13.66,13.66,13.6,13.6,2100.0
2016-05-18,13.4,13.4,13.16,13.24,17400.0
2016-05-19,13.28,13.28,13.28,13.28,5200.0
2016-05-20,13.28,13.36,13.28,13.34,2500.0
2016-05-24,13.48,13.48,13.4,13.4,100.0
2016-05-25,13.38,13.42,13.28,13.28,5500.0
2016-05-30,13.2,13.24,13.16,13.24,34000.0
2016-05-31,13.6,13.7,13.56,13.58,143700.0
2016-06-01,13.72,13.76,13.64,13.64,4800.0
2016-06-02,13.72,13.78,13.7,13.78,11000.0
2016-06-03,13.76,13.84,13.76,13.84,25000.0
2016-06-06,13.88,13.88,13.82,13.88,62900.0
2016-06-07,13.78,13.82,13.78,13.82,11000.0
2016-06-08,13.78,13.78,13.68,13.78,27700.0
2016-06-10,13.76,13.76,13.52,13.62,109700.0
2016-06-13,13.4,13.7,13.34,13.34,15500.0
2016-06-14,13.28,13.32,13.08,13.28,126900.0
2016-06-15,13.24,13.6,13.24,13.48,115000.0
2016-06-16,13.58,13.62,13.56,13.6,5500.0
2016-06-21,13.62,13.62,13.62,13.62,1000.0
2016-06-22,13.62,13.8,13.62,13.8,6100.0
2016-06-23,13.78,13.78,13.64,13.64,300.0
2016-06-24,13.6,13.64,13.3,13.6,23400.0
2016-06-27,13.64,13.66,13.64,13.66,6300.0
2016-06-28,13.52,13.64,13.52,13.64,3600.0
2016-06-30,13.7,13.84,13.7,13.84,19100.0
2016-07-04,13.98,13.98,13.98,13.98,7000.0
2016-07-07,14.0,14.0,14.0,14.0,5800.0
2016-07-11,14.12,14.12,14.08,14.08,23900.0
2016-07-12,14.12,14.24,14.12,14.24,31000.0
2016-07-18,14.22,14.22,14.2,14.22,21000.0
2016-07-19,14.14,14.2,14.14,14.2,500.0
2016-07-20,14.28,14.28,14.28,14.28,200.0
2016-07-25,14.28,14.28,14.28,14.28,0.0
2016-07-28,14.02,14.1,14.02,14.1,12100.0
2016-07-29,15.08,15.08,14.14,14.14,100.0
2016-08-10,14.26,14.34,14.26,14.32,6100.0
2016-08-15,14.6,14.84,14.6,14.84,100.0
2016-08-16,14.84,15.02,14.84,14.96,34100.0
2016-08-17,15.0,15.0,14.98,14.98,2900.0
2016-08-19,14.8,14.8,14.8,14.8,1400.0
2016-08-22,14.7,14.7,14.7,14.7,1000.0
2016-08-23,14.72,14.72,14.7,14.7,19400.0
2016-08-24,14.64,14.64,14.64,14.64,4000.0
2016-08-25,14.56,14.56,14.5,14.5,3800.0
2016-09-01,14.58,14.58,14.54,14.54,12300.0
2016-09-02,14.58,14.58,14.46,14.46,3200.0
2016-09-05,14.5,14.5,14.46,14.48,40100.0
2016-09-06,14.58,14.58,14.58,14.58,6100.0
2016-09-09,14.64,14.66,14.6,14.6,2800.0
2016-09-13,14.26,14.26,14.2,14.26,11100.0
2016-09-14,14.14,14.28,14.14,14.28,20200.0
2016-09-15,14.28,14.32,14.28,14.32,8300.0
2016-09-20,14.36,14.36,14.36,14.36,300.0
2016-09-21,14.32,14.32,14.32,14.32,1000.0
2016-09-22,14.44,14.44,14.42,14.42,18800.0
2016-09-23,14.44,14.44,14.38,14.38,10300.0
2016-09-27,14.14,14.14,14.14,14.14,1000.0
2016-09-30,14.22,14.22,14.22,14.22,7200.0
2016-10-05,14.34,14.4,14.34,14.34,6700.0
2016-10-06,14.42,14.42,14.4,14.42,5000.0
2016-10-11,14.4,14.58,14.38,14.56,24400.0
2016-10-19,14.5,14.5,14.5,14.5,900.0
2016-10-20,14.56,14.6,14.56,14.6,40000.0
2016-10-24,14.32,14.62,14.32,14.6,6600.0
2016-10-27,14.48,14.48,14.48,14.48,3000.0
2016-10-31,14.36,14.38,14.36,14.38,300.0
2016-11-01,14.48,14.48,14.48,14.48,300.0
2016-11-03,14.62,14.62,14.6,14.6,200.0
2016-11-04,14.6,14.6,14.54,14.54,100.0
2016-11-08,14.52,14.52,14.52,14.52,300.0
2016-11-09,14.46,14.56,14.46,14.5,15800.0
2016-11-21,14.62,14.62,14.62,14.62,800.0
2016-11-23,14.72,14.72,14.64,14.7,700.0
2016-11-24,14.68,14.68,14.58,14.58,3000.0
2016-11-25,14.6,14.7,14.54,14.7,9200.0
2016-11-28,14.76,14.84,14.76,14.78,1500.0
2016-11-29,14.84,14.88,14.84,14.88,11000.0
2016-11-30,14.9,14.9,14.88,14.88,11000.0
2016-12-01,14.84,14.88,14.84,14.88,300.0
2016-12-05,14.56,14.56,14.56,14.56,600.0
2016-12-07,14.6,14.6,14.5,14.56,24800.0
2016-12-08,14.58,14.6,14.46,14.6,6400.0
2016-12-09,14.7,14.7,14.6,14.6,1600.0
2016-12-12,14.5,14.5,14.22,14.22,39400.0
2016-12-13,14.08,14.14,14.08,14.14,500.0
2016-12-14,14.14,14.14,14.14,14.14,500.0
2016-12-15,14.04,14.04,14.04,14.04,300.0
2016-12-16,14.08,14.08,13.96,13.96,1100.0
2016-12-19,13.94,13.94,13.9,13.9,28000.0
2016-12-21,13.88,13.96,13.84,13.84,70500.0
2016-12-22,13.82,13.96,13.82,13.9,49100.0
2016-12-23,13.84,13.88,13.72,13.74,69900.0
2016-12-28,13.8,13.8,13.68,13.68,2200.0
2016-12-30,13.74,13.74,13.74,13.74,700.0
2017-01-03,13.76,13.76,13.76,13.76,1200.0
2017-01-06,14.22,14.22,14.12,14.14,21700.0
2017-01-11,13.94,13.94,13.94,13.94,1000.0
2017-01-16,13.7,13.7,13.66,13.68,43600.0
2017-01-18,13.84,13.86,13.84,13.86,16000.0
2017-01-19,13.86,13.86,13.86,13.86,600.0
2017-01-20,13.86,13.86,13.84,13.84,10000.0
2017-01-24,14.0,14.0,14.0,14.0,1000.0
2017-01-26,14.02,14.04,14.02,14.04,900.0
2017-02-03,14.1,14.1,14.1,14.1,5000.0
2017-02-06,14.02,14.1,13.96,14.1,217000.0
2017-02-07,14.18,14.18,14.14,14.16,14000.0
2017-02-09,14.18,14.2,14.18,14.2,5000.0
2017-02-10,14.2,14.26,14.2,14.26,200.0
2017-02-14,14.32,14.34,14.32,14.34,2000.0
2017-02-15,14.4,14.46,14.4,14.42,25100.0
2017-02-16,14.44,14.44,14.44,14.44,5000.0
2017-02-17,14.44,14.44,14.4,14.4,100.0
2017-02-21,14.5,14.5,14.48,14.5,16300.0
2017-02-22,14.5,14.52,14.48,14.48,47900.0
2017-02-23,14.56,14.56,14.4,14.44,269700.0
2017-02-24,14.5,14.5,14.5,14.5,78000.0
2017-02-27,14.5,14.5,14.44,14.46,27800.0
2017-02-28,14.5,14.5,14.5,14.5,35800.0
2017-03-02,14.54,14.54,14.4,14.4,82500.0
2017-03-06,14.4,14.4,14.4,14.4,1000.0
2017-03-07,14.36,14.4,14.34,14.4,6900.0
2017-03-08,14.48,14.48,14.48,14.48,1400.0
2017-03-10,14.26,14.32,14.22,14.32,23300.0
2017-03-13,14.32,14.44,14.32,14.44,4600.0
2017-03-14,14.38,14.42,14.38,14.42,200.0
2017-03-15,14.44,14.44,14.44,14.44,1000.0
2017-03-16,14.6,14.6,14.5,14.5,1055700.0
2017-03-21,14.46,14.46,14.46,14.46,11000.0
2017-03-22,14.46,14.52,14.46,14.5,35000.0
2017-03-27,14.62,14.66,14.54,14.6,60000.0
2017-03-28,14.56,14.56,14.56,14.56,21300.0
2017-04-06,14.64,14.68,14.64,14.68,200.0
2017-04-07,14.68,14.68,14.68,14.68,3700.0
2017-04-10,14.68,14.68,14.68,14.68,1000.0
2017-04-11,14.68,14.76,14.68,14.76,900.0
2017-04-12,14.72,14.74,14.72,14.74,1000.0
2017-04-13,14.74,14.78,14.74,14.78,1500.0
2017-04-18,14.6,14.62,14.52,14.52,2800.0
2017-04-19,14.38,14.38,14.38,14.38,100.0
2017-04-20,14.36,14.4,14.36,14.4,5200.0
2017-04-21,14.38,14.38,14.38,14.38,5600.0
2017-04-28,14.1,14.12,14.06,14.12,230500.0
2017-05-04,14.06,14.06,14.02,14.04,1800.0
2017-05-05,13.92,13.92,13.92,13.92,4000.0
2017-05-10,13.74,13.74,13.62,13.62,9000.0
2017-05-11,13.5,13.62,13.5,13.62,8200.0
2017-05-16,13.82,14.0,13.82,14.0,17700.0
2017-05-18,13.94,13.94,13.86,13.86,10000.0
2017-05-22,13.86,13.86,13.86,13.86,500.0
2017-05-23,13.84,13.84,13.62,13.76,116500.0
2017-05-24,13.62,13.76,13.62,13.76,120000.0
2017-05-25,14.0,14.04,14.0,14.04,6600.0
2017-05-26,14.12,14.12,14.12,14.12,1000.0
2017-05-31,14.22,14.22,14.16,14.22,6000.0
2017-06-05,14.32,14.32,14.32,14.32,10000.0
2017-06-06,14.28,14.3,14.28,14.3,200.0
2017-06-07,14.44,14.48,14.44,14.48,6200.0
2017-06-08,14.58,14.58,14.58,14.58,2000.0
2017-06-09,14.7,14.7,14.7,14.7,1000.0
2017-06-12,14.56,14.56,14.56,14.56,9100.0
2017-06-13,14.62,14.74,14.58,14.74,6600.0
2017-06-19,14.56,14.56,14.56,14.56,2100.0
2017-06-26,14.96,14.96,14.96,14.96,4000.0
2017-06-28,15.0,15.0,14.96,14.96,802000.0
2017-06-30,15.0,15.08,14.9,15.02,107700.0
2017-07-03,14.88,15.0,14.82,15.0,64200.0
2017-07-04,14.88,14.9,14.88,14.88,63000.0
2017-07-05,14.9,15.02,14.9,15.02,14200.0
2017-07-06,15.02,15.04,15.02,15.04,2700.0
2017-07-07,15.06,15.06,15.06,15.06,600.0
2017-07-10,15.1,15.1,15.1,15.1,10000.0
2017-07-11,15.0,15.0,15.0,15.0,2200.0
2017-07-12,15.08,15.08,15.06,15.06,12200.0
2017-07-13,15.16,15.16,15.16,15.16,15000.0
2017-07-17,14.9,14.9,14.9,14.9,1000.0
2017-07-18,14.92,15.08,14.88,15.08,31400.0
2017-07-19,15.16,15.16,15.14,15.14,22600.0
2017-07-20,15.3,15.32,15.3,15.32,5499.0
2017-07-21,15.38,15.38,15.18,15.28,5700.0
2017-07-24,15.4,15.4,15.4,15.4,5000.0
2017-07-26,15.3,15.3,15.3,15.3,10000.0
2017-08-01,15.58,15.64,15.58,15.64,23000.0
2017-08-07,15.6,15.6,15.6,15.6,27000.0
2017-08-09,15.54,15.64,15.54,15.64,7300.0
2017-08-11,15.44,15.44,15.4,15.4,1300.0
2017-08-15,15.7,15.7,15.52,15.54,4000.0
2017-08-17,15.64,15.74,15.64,15.74,1100.0
2017-08-24,15.82,15.82,15.8,15.8,5600.0
2017-08-28,16.16,16.16,16.16,16.16,500.0
2017-08-29,16.26,16.3,16.26,16.28,10000.0
2017-08-30,16.1,16.28,16.08,16.28,14000.0
2017-09-01,16.34,16.34,16.34,16.34,600.0
2017-09-04,16.42,16.52,16.42,16.52,5000.0
2017-09-05,16.54,16.68,16.54,16.54,6000.0
2017-09-07,16.58,16.58,16.58,16.58,100.0
2017-09-08,16.68,16.68,16.68,16.68,1500.0
2017-09-11,16.68,16.68,16.68,16.68,10000.0
2017-09-15,16.58,16.58,16.56,16.56,7500.0
2017-09-18,16.68,16.7,16.68,16.68,63600.0
2017-09-19,16.54,16.54,16.54,16.54,1500.0
2017-09-20,16.58,16.68,16.58,16.68,11400.0
2017-09-21,16.5,16.5,16.48,16.5,8800.0
2017-09-25,16.32,16.32,16.32,16.32,4000.0
2017-09-28,16.2,16.2,16.2,16.2,63000.0
2017-09-29,16.2,16.24,16.2,16.24,500.0
2017-10-03,16.36,16.42,16.36,16.42,47800.0
2017-10-04,16.46,16.7,16.46,16.7,41000.0
2017-10-06,16.7,16.7,16.66,16.66,16000.0
2017-10-09,16.92,16.92,16.62,16.62,20000.0
2017-10-11,16.68,16.68,16.68,16.68,500.0
2017-10-16,16.76,16.76,16.76,16.76,1000.0
2017-10-17,16.54,16.54,16.54,16.54,1100.0
2017-10-18,16.6,16.6,16.6,16.6,10000.0
2017-10-20,16.44,16.5,16.44,16.5,13500.0
2017-10-24,16.56,16.58,16.56,16.58,7000.0
2017-10-25,16.58,16.64,16.56,16.64,40000.0
2017-10-27,16.72,16.74,16.72,16.74,6500.0
2017-10-30,16.62,16.62,16.6,16.6,3300.0
2017-10-31,16.56,16.66,16.56,16.66,22000.0
2017-11-01,16.7,16.7,16.68,16.68,15000.0
2017-11-02,16.72,16.72,16.72,16.72,1000.0
2017-11-07,16.8,16.8,16.78,16.78,2700.0
2017-11-10,16.9,16.98,16.88,16.98,26100.0
2017-11-13,17.1,17.1,17.1,17.1,1000.0
2017-11-14,17.08,17.08,17.02,17.02,8000.0
2017-11-16,16.8,16.92,16.8,16.92,2000.0
2017-11-21,17.02,17.14,17.02,17.14,2500.0
2017-11-23,17.0,17.0,16.86,16.86,900.0
2017-11-24,16.8,16.8,16.78,16.78,10100.0
2017-11-27,16.68,16.68,16.6,16.6,1100.0
2017-11-28,16.62,16.62,16.62,16.62,6000.0
2017-12-01,16.56,16.56,16.56,16.56,300.0
2017-12-05,16.48,16.48,16.48,16.48,6700.0
2017-12-07,16.32,16.32,16.32,16.32,300.0
2017-12-08,16.34,16.34,16.32,16.34,16000.0
2017-12-19,16.42,16.54,16.42,16.54,17500.0
2017-12-21,16.66,16.68,16.66,16.68,1000.0
2017-12-27,16.8,16.8,16.6,16.6,2000.0
2017-12-29,16.7,16.72,16.7,16.72,3900.0
2018-01-02,16.96,17.02,16.96,17.02,1500.0
2018-01-04,17.14,17.2,17.14,17.2,51000.0
2018-01-05,17.24,17.3,17.24,17.3,7700.0
2018-01-11,17.28,17.4,17.26,17.4,8700.0
2018-01-15,17.6,17.68,17.56,17.56,23000.0
2018-01-16,17.62,17.68,17.62,17.68,22000.0
2018-01-17,17.66,17.72,17.6,17.6,9500.0
2018-01-18,17.72,17.74,17.56,17.68,150900.0
2018-01-19,17.88,17.96,17.76,17.76,73200.0
2018-01-22,17.9,17.96,17.9,17.96,5700.0
2018-01-23,18.06,18.12,18.06,18.12,21000.0
2018-01-24,18.12,18.18,18.12,18.18,8600.0
2018-01-25,18.2,18.36,18.18,18.3,26200.0
2018-01-26,18.3,18.32,18.3,18.32,600.0
2018-01-29,18.34,18.34,18.0,18.02,48200.0
2018-01-30,17.94,18.0,17.94,17.98,14400.0
2018-01-31,17.86,17.96,17.86,17.96,1300.0
2018-02-01,17.66,17.68,17.66,17.68,1000.0
2018-02-02,17.58,17.8,17.58,17.8,15900.0
2018-02-05,17.66,17.72,17.62,17.72,6700.0
2018-02-06,17.32,17.5,17.14,17.24,11000.0
2018-02-07,17.46,17.46,17.08,17.08,55000.0
2018-02-08,16.98,16.98,16.84,16.84,1000.0
2018-02-09,16.22,16.22,16.06,16.1,6700.0
2018-02-12,16.26,16.26,16.12,16.12,55300.0
2018-02-13,16.54,16.62,16.32,16.32,61900.0
2018-02-14,16.5,16.58,16.5,16.58,34500.0
2018-02-15,16.56,16.8,16.56,16.8,61000.0
2018-02-20,16.78,16.94,16.78,16.94,4000.0
2018-02-22,16.86,16.86,16.76,16.82,10900.0
2018-02-27,17.34,17.34,17.2,17.2,2000.0
2018-03-02,16.88,16.88,16.88,16.88,2000.0
2018-03-05,16.96,16.98,16.86,16.88,24300.0
2018-03-06,17.1,17.1,17.1,17.1,40000.0
2018-03-07,17.22,17.22,17.1,17.1,3000.0
2018-03-08,17.14,17.14,17.14,17.14,20000.0
2018-03-12,17.5,17.5,17.5,17.5,2700.0
2018-03-13,17.4,17.4,17.4,17.4,400.0
2018-03-15,17.34,17.34,17.34,17.34,1000.0
2018-03-20,17.12,17.18,17.12,17.18,5900.0
2018-03-21,17.3,17.3,17.22,17.22,11000.0
2018-03-22,17.1,17.12,17.1,17.1,3200.0
2018-03-23,16.56,16.56,16.3,16.36,6200.0
2018-03-26,16.22,16.6,16.22,16.6,3100.0
2018-03-27,16.84,16.88,16.84,16.88,2500.0
2018-03-28,16.74,16.74,16.6,16.6,1000.0
2018-03-29,16.44,16.68,16.44,16.68,2000.0
2018-04-03,16.0,16.62,16.0,16.62,1600.0
2018-04-04,16.54,16.54,16.54,16.54,11000.0
2018-04-09,16.5,16.5,16.5,16.5,1000.0
2018-04-10,16.58,16.72,16.58,16.72,2100.0
2018-04-11,16.8,16.8,16.8,16.8,10500.0
2018-04-18,16.12,16.16,16.12,16.16,1000.0
2018-04-19,16.36,16.36,16.36,16.36,5000.0
2018-04-23,16.16,16.18,16.16,16.16,15000.0
2018-04-24,16.16,16.46,16.16,16.46,3700.0
2018-04-26,16.06,16.06,16.04,16.04,1000.0
2018-04-27,16.0,16.0,15.9,15.9,3000.0
2018-04-30,16.18,16.18,16.04,16.12,60100.0
2018-05-02,16.0,16.0,16.0,16.0,1000.0
2018-05-03,16.06,16.08,16.06,16.08,2000.0
2018-05-04,16.02,16.02,16.02,16.02,2000.0
2018-05-07,16.26,16.26,16.26,16.26,5000.0
2018-05-08,16.4,16.4,16.38,16.38,13000.0
2018-05-09,16.52,16.52,16.34,16.34,5600.0
2018-05-18,16.46,16.46,16.46,16.46,2000.0
2018-05-23,16.28,16.28,16.28,16.28,12000.0
2018-05-24,16.26,16.26,16.26,16.26,1000.0
2018-05-28,16.16,16.16,16.16,16.16,1000.0
2018-05-29,16.08,16.1,16.0,16.0,5000.0
2018-05-30,15.76,15.76,15.64,15.64,2000.0
2018-05-31,15.8,15.94,15.8,15.94,4000.0
2018-06-05,15.96,16.1,15.96,16.1,500.0
2018-06-08,16.1,16.1,15.92,15.92,1000.0
2018-06-11,15.84,15.86,15.84,15.86,2000.0
2018-06-12,15.96,16.0,15.96,16.0,1000.0
2018-06-14,15.94,15.94,15.94,15.94,1000.0
2018-06-19,14.98,14.98,14.82,14.82,14700.0
2018-06-22,14.74,14.82,14.74,14.82,3000.0
2018-06-26,14.44,14.44,14.44,14.44,400.0
2018-06-27,14.06,14.06,14.06,14.06,10000.0
2018-06-28,14.06,14.06,13.98,13.98,15500.0
2018-06-29,13.98,14.34,13.98,14.34,21800.0
2018-07-03,13.72,13.72,13.7,13.7,2000.0
2018-07-06,13.52,13.52,13.46,13.5,17500.0
2018-07-09,14.0,14.1,14.0,14.1,7500.0
2018-07-10,14.12,14.12,14.06,14.1,30000.0
2018-07-11,13.78,13.84,13.66,13.84,13800.0
2018-07-12,13.9,14.06,13.74,14.06,20100.0
2018-07-17,13.92,14.06,13.92,14.04,7600.0
2018-07-18,14.12,14.12,13.92,13.92,3900.0
2018-07-19,13.92,13.92,13.68,13.68,14900.0
2018-07-20,13.78,13.9,13.64,13.9,2400.0
2018-07-23,13.94,14.08,13.94,14.08,300.0
2018-07-24,14.0,14.18,14.0,14.18,20000.0
2018-07-26,14.26,14.26,14.18,14.18,2000.0
2018-07-27,14.26,14.26,14.08,14.08,500.0
2018-07-30,14.0,14.0,13.96,13.96,100.0
2018-08-01,14.08,14.08,13.7,13.7,100.0
2018-08-02,13.28,13.3,13.28,13.3,18100.0
2018-08-03,13.2,13.2,13.04,13.04,1100.0
2018-08-06,13.06,13.14,12.9,12.92,54100.0
2018-08-07,12.94,13.26,12.94,13.26,17000.0
2018-08-08,13.28,13.28,13.2,13.2,2500.0
2018-08-13,13.14,13.4,13.14,13.4,3500.0
2018-08-17,12.92,12.92,12.78,12.82,29000.0
2018-08-20,12.82,12.9,12.8,12.9,9800.0
2018-08-21,13.02,13.14,12.96,13.14,25000.0
2018-08-22,13.08,13.08,13.08,13.08,9700.0
2018-08-23,13.12,13.12,13.0,13.04,2100.0
2018-08-24,13.02,13.08,13.02,13.08,13800.0
2018-08-27,13.3,13.46,13.3,13.46,800.0
2018-08-30,13.32,13.32,13.28,13.28,3000.0
2018-08-31,13.16,13.16,13.12,13.14,5000.0
2018-09-03,13.1,13.16,13.04,13.16,3000.0
2018-09-04,13.18,13.24,13.18,13.24,12000.0
2018-09-05,13.14,13.14,12.98,13.0,6000.0
2018-09-06,13.04,13.04,12.94,12.94,3000.0
2018-09-07,12.9,12.92,12.9,12.92,1000.0
2018-09-10,12.82,12.82,12.76,12.76,1000.0
2018-09-11,12.72,12.72,12.7,12.7,2000.0
2018-09-12,12.62,12.62,12.62,12.62,3000.0
2018-09-13,12.74,12.82,12.74,12.8,4000.0
2018-09-17,12.66,12.66,12.58,12.58,2000.0
2018-09-18,12.58,12.78,12.58,12.78,2000.0
2018-09-19,12.86,12.98,12.86,12.98,4000.0
2018-09-24,13.22,13.22,13.18,13.2,31000.0
2018-09-26,13.26,13.34,13.2,13.2,28300.0
2018-09-28,13.34,13.34,13.28,13.28,8500.0
2018-10-02,13.28,13.32,13.18,13.18,12500.0
2018-10-03,13.24,13.24,13.2,13.2,2000.0
2018-10-04,12.96,12.96,12.88,12.88,7800.0
2018-10-05,12.8,12.8,12.78,12.78,3000.0
2018-10-08,13.04,13.04,12.68,12.68,13700.0
2018-10-09,12.74,12.74,12.72,12.72,1000.0
2018-10-10,12.74,12.74,12.74,12.74,1000.0
2018-10-11,12.32,12.32,12.0,12.02,7000.0
2018-10-12,12.14,12.18,12.14,12.18,100.0
2018-10-15,12.06,12.06,11.9,11.98,5200.0
2018-10-16,12.14,12.14,11.88,11.88,7400.0
2018-10-18,11.82,11.82,11.62,11.62,300.0
2018-10-19,11.48,11.8,11.48,11.8,400.0
2018-10-22,11.88,12.44,11.8,12.36,91200.0
2018-10-23,12.32,12.36,11.98,11.98,30600.0
2018-10-24,12.0,12.14,11.98,12.02,32800.0
2018-10-25,11.7,12.1,11.7,12.1,25000.0
2018-10-26,12.16,12.2,11.96,12.02,19500.0
2018-10-29,11.86,11.86,11.62,11.62,9900.0
2018-10-30,11.56,11.72,11.56,11.72,6600.0
2018-10-31,11.74,11.88,11.66,11.88,27700.0
2018-11-01,12.02,12.06,12.0,12.0,6000.0
2018-11-02,12.32,12.6,12.22,12.58,63200.0
2018-11-05,12.42,12.44,12.3,12.38,26000.0
2018-11-06,12.3,12.4,12.3,12.4,64700.0
2018-11-07,12.26,12.4,12.26,12.3,18000.0
2018-11-08,12.42,12.42,12.3,12.3,44000.0
2018-11-09,12.14,12.18,12.12,12.12,18100.0
2018-11-12,12.14,12.14,12.14,12.14,1000.0
2018-11-13,12.24,12.3,12.24,12.3,28600.0
2018-11-14,12.18,12.18,12.18,12.18,1000.0
2018-11-15,12.38,12.38,12.38,12.38,1000.0
2018-11-16,12.46,12.54,12.46,12.52,13000.0
2018-11-19,12.52,12.56,12.52,12.56,1100.0
2018-11-29,12.2,12.2,12.0,12.0,1000.0
2018-12-03,12.46,12.46,12.38,12.46,4400.0
2018-12-04,12.52,12.66,12.52,12.66,3700.0
2018-12-05,12.48,12.56,12.46,12.46,10600.0
2018-12-06,12.46,12.46,12.28,12.28,5600.0
2018-12-07,12.32,12.32,12.2,12.24,8500.0
2018-12-10,12.14,12.16,12.1,12.1,11000.0
2018-12-11,12.14,12.14,12.14,12.14,9400.0
2018-12-12,12.22,12.24,12.2,12.2,5200.0
2018-12-13,12.4,12.4,12.32,12.32,19600.0
2018-12-14,12.2,12.2,12.16,12.16,10000.0
2018-12-17,12.04,12.04,12.04,12.04,8000.0
2018-12-18,11.92,11.92,11.9,11.92,1000.0
2018-12-21,11.68,11.68,11.68,11.68,6000.0
2018-12-24,11.66,11.66,11.66,11.66,1000.0
2019-01-03,11.38,11.4,11.38,11.4,1000.0
2019-01-16,12.2,12.22,12.2,12.22,1000.0
2019-01-18,12.24,12.28,12.24,12.28,10000.0
2019-01-21,12.42,12.46,12.42,12.44,13000.0
2019-01-25,12.44,12.44,12.44,12.44,180.0
2019-01-28,12.6,12.6,12.56,12.56,100.0
2019-01-30,12.62,12.64,12.62,12.64,22600.0
2019-01-31,12.6,12.62,12.6,12.62,4000.0
2019-02-08,12.66,12.66,12.64,12.64,11000.0
2019-02-12,12.96,12.96,12.96,12.96,2000.0
2019-02-13,13.14,13.16,13.14,13.16,4300.0
2019-02-19,13.62,13.62,13.5,13.5,15000.0
2019-02-20,13.58,13.58,13.54,13.54,13000.0
2019-02-21,13.54,13.64,13.54,13.64,72000.0
2019-02-25,14.58,14.82,14.58,14.82,14300.0
2019-02-26,14.76,14.76,14.46,14.46,30800.0
2019-02-27,14.56,14.56,14.56,14.56,400.0
2019-03-04,15.2,15.32,14.98,14.98,12000.0
2019-03-05,14.92,14.98,14.92,14.98,400.0
2019-03-06,14.94,14.98,14.94,14.98,12600.0
2019-03-08,14.44,14.44,14.36,14.36,100.0
2019-03-11,14.46,14.48,14.2,14.48,35000.0
2019-03-13,14.84,14.84,14.84,14.84,10000.0
2019-03-14,14.58,14.58,14.52,14.52,17200.0
2019-03-15,14.6,14.82,14.6,14.82,10000.0
2019-03-18,14.78,15.24,14.78,15.24,10000.0
2019-03-19,15.14,15.22,15.14,15.22,23200.0
2019-03-22,15.3,15.36,15.3,15.36,20000.0
2019-03-25,15.0,15.02,14.8,14.8,95300.0
2019-03-27,14.76,14.76,14.76,14.76,1900.0
2019-03-28,14.68,14.78,14.6,14.62,87400.0
2019-03-29,14.9,15.26,14.9,15.26,6700.0
2019-04-01,15.5,15.96,15.5,15.96,20100.0
2019-04-02,16.08,16.1,15.78,15.78,40000.0
2019-04-03,15.96,15.96,15.96,15.96,10000.0
2019-04-08,16.36,16.36,16.02,16.14,24000.0
2019-04-09,16.2,16.24,16.14,16.24,3000.0
2019-04-10,16.24,16.28,16.14,16.14,19500.0
2019-04-12,15.92,15.92,15.82,15.82,12800.0
2019-04-15,15.72,15.72,15.7,15.7,20000.0
2019-04-16,15.74,16.1,15.72,16.1,20000.0
2019-04-17,16.24,16.24,16.24,16.24,3500.0
2019-04-25,15.46,15.5,15.46,15.5,6000.0
2019-04-29,15.38,15.38,15.38,15.38,2000.0
2019-05-06,14.3,14.36,14.3,14.36,7200.0
2019-05-07,14.4,14.42,14.26,14.42,8000.0
2019-05-14,14.16,14.16,14.14,14.14,10100.0
2019-05-15,14.18,14.24,14.16,14.24,28500.0
2019-05-17,14.0,14.0,14.0,14.0,5000.0
2019-05-20,13.7,13.8,13.7,13.8,2100.0
2019-05-29,14.0,14.0,14.0,14.0,10000.0
2019-05-30,13.88,13.92,13.86,13.92,22700.0
2019-05-31,13.96,13.98,13.9,13.9,30100.0
2019-06-04,13.7,13.7,13.68,13.7,6100.0
2019-06-05,13.68,13.68,13.68,13.68,2700.0
2019-06-11,13.78,14.16,13.78,14.16,10000.0
2019-06-12,14.12,14.12,14.12,14.12,8000.0
2019-06-13,14.08,14.1,14.0,14.1,97000.0
2019-06-14,14.0,14.0,13.9,13.9,60000.0
2019-06-19,14.28,14.28,14.28,14.28,5100.0
2019-06-20,14.36,14.7,14.36,14.7,100.0
2019-06-21,14.74,14.74,14.74,14.74,5000.0
2019-07-02,15.12,15.12,15.12,15.12,400.0
2019-07-08,14.62,14.62,14.6,14.6,6500.0
2019-07-22,14.64,14.64,14.58,14.58,500.0
2019-07-29,14.78,14.78,14.7,14.76,12300.0
2019-08-01,14.64,14.64,14.64,14.64,20000.0
2019-08-02,14.3,14.4,14.2,14.38,91100.0
2019-08-05,14.24,14.26,13.94,13.94,94400.0
2019-08-06,13.52,13.62,13.52,13.62,10100.0
2019-08-07,13.7,13.7,13.64,13.64,1500.0
2019-08-08,13.82,13.82,13.82,13.82,100.0
2019-08-14,13.86,13.86,13.86,13.86,700.0
2019-09-02,14.36,14.36,14.36,14.36,800.0
2019-09-05,14.7,14.78,14.68,14.68,400.0
2019-09-06,14.78,14.78,14.7,14.7,6900.0
2019-09-09,14.9,14.9,14.9,14.9,500.0
2019-10-08,14.24,14.36,14.24,14.24,148400.0
2019-10-09,14.2,14.2,14.18,14.18,96900.0
2019-10-10,14.26,14.44,14.26,14.42,144600.0
2019-10-14,14.76,14.78,14.74,14.76,57500.0
2019-10-18,14.3,14.3,14.28,14.28,1500.0
2019-10-21,14.34,14.34,14.34,14.34,500.0
2019-10-22,14.44,14.44,14.34,14.4,8500.0
2019-11-06,14.86,14.86,14.86,14.86,5000.0
2019-11-07,14.9,14.94,14.9,14.94,30000.0
2019-11-08,14.96,14.96,14.84,14.84,3400.0
2019-11-11,14.62,14.62,14.54,14.54,1500.0
2019-11-12,14.56,14.56,14.56,14.56,12000.0
2019-11-14,14.5,14.52,14.5,14.52,12500.0
2019-11-28,14.34,14.38,14.34,14.38,8000.0
2019-12-03,14.32,14.32,14.3,14.3,21600.0
2019-12-05,14.32,14.36,14.32,14.36,2600.0
2019-12-13,14.84,14.84,14.84,14.84,500.0
2019-12-16,14.84,14.84,14.84,14.84,18000.0
2019-12-17,15.08,15.16,15.08,15.08,11100.0
2019-12-18,14.94,15.02,14.94,15.02,3300.0
2019-12-30,15.02,15.36,14.98,15.34,5100.0
2020-01-03,15.4,15.4,15.32,15.34,14900.0
2020-01-06,15.48,15.48,15.26,15.36,18600.0
2020-01-09,15.58,15.62,15.56,15.6,29000.0
2020-01-10,15.92,15.92,15.74,15.74,3000.0
2020-01-13,15.74,15.86,15.72,15.86,200.0
2020-01-14,15.98,15.98,15.92,15.92,142500.0
2020-01-15,15.84,15.84,15.84,15.84,3000.0
2020-01-17,15.86,15.86,15.86,15.86,3000.0
2020-01-20,15.9,16.02,15.9,16.0,29000.0
2020-01-21,15.9,15.9,15.66,15.66,20000.0
2020-01-22,15.54,15.64,15.5,15.64,6000.0
2020-01-23,15.44,15.44,15.14,15.24,13200.0
2020-01-29,14.6,14.64,14.32,14.42,44600.0
2020-01-30,14.34,14.34,14.04,14.04,17900.0
2020-01-31,14.44,14.44,14.02,14.02,16800.0
2020-02-03,13.84,13.92,13.48,13.48,9400.0
2020-02-05,14.3,14.3,14.3,14.3,100.0
2020-02-06,14.6,14.72,14.6,14.72,4900.0
2020-02-07,14.78,14.78,14.72,14.72,2500.0
2020-02-10,14.78,14.78,14.78,14.78,10000.0
2020-02-17,15.0,15.38,15.0,15.38,4000.0
2020-02-20,15.44,15.56,15.44,15.56,12500.0
2020-02-24,15.66,15.66,15.66,15.66,500.0
2020-02-28,14.98,15.02,14.78,14.8,3000.0
2020-03-02,15.54,15.54,15.5,15.5,2000.0
2020-03-03,15.64,15.8,15.36,15.54,51000.0
2020-03-05,15.84,16.04,15.84,16.04,4100.0
2020-03-06,15.7,15.8,15.7,15.8,7000.0
2020-03-12,15.02,15.02,15.02,15.02,2000.0
2020-03-13,14.74,14.78,14.66,14.76,51200.0
2020-03-16,14.02,14.06,14.02,14.06,4000.0
2020-03-18,14.12,14.16,13.56,13.56,60500.0
2020-03-19,13.38,13.38,13.18,13.18,42000.0
2020-03-20,13.38,13.74,13.38,13.72,45000.0
2020-03-23,13.24,13.26,13.14,13.22,41300.0
2020-03-24,13.46,13.6,13.34,13.56,52500.0
2020-03-25,13.9,14.0,13.82,13.9,37000.0
2020-03-26,13.8,13.96,13.8,13.8,54000.0
2020-03-27,14.1,14.1,13.94,13.94,12000.0
2020-03-30,13.62,13.76,13.62,13.76,10500.0
2020-03-31,13.8,13.8,13.8,13.8,1300.0
2020-04-01,13.86,13.86,13.74,13.74,10000.0
2020-04-03,13.96,13.96,13.9,13.9,4000.0
2020-04-07,14.22,14.42,14.16,14.42,16800.0
2020-04-14,14.42,14.42,14.42,14.42,7000.0
2020-04-21,14.36,14.36,14.36,14.36,200.0
2020-04-24,14.38,14.38,14.38,14.38,16000.0
2020-04-28,14.48,14.48,14.48,14.48,300.0
2020-05-04,14.12,14.2,14.12,14.2,9600.0
2020-05-05,14.06,14.08,14.06,14.08,16500.0
2020-05-06,14.66,14.8,14.62,14.8,61900.0
2020-05-07,14.84,14.84,14.84,14.84,16000.0
2020-05-08,14.94,14.94,14.94,14.94,5000.0
2020-05-20,14.86,14.86,14.86,14.86,700.0
2020-05-21,14.88,14.88,14.78,14.78,6800.0
2020-05-22,14.86,14.86,14.2,14.2,9700.0
2020-05-28,14.54,14.54,14.54,14.54,24000.0
2020-06-02,14.99,15.0,14.99,15.0,43200.0
2020-06-04,15.1,15.1,15.0,15.0,600.0
2020-06-15,14.88,14.88,14.85,14.85,500.0
2020-06-17,15.44,15.44,15.44,15.44,200.0
2020-06-19,15.44,15.49,15.44,15.47,23700.0
2020-06-23,15.87,15.87,15.83,15.83,8000.0
2020-06-29,15.4,15.6,15.4,15.6,1000.0
2020-06-30,15.66,15.72,15.66,15.72,4700.0
2020-07-02,16.21,16.44,16.21,16.44,3500.0
2020-07-03,16.5,16.69,16.5,16.69,2000.0
2020-07-06,16.96,17.89,16.96,17.88,32400.0
2020-07-07,18.2,18.2,18.03,18.12,35300.0
2020-07-08,18.25,18.25,18.2,18.2,24000.0
2020-07-09,18.52,18.57,18.52,18.57,2100.0
2020-07-10,18.15,18.38,18.15,18.38,8300.0
2020-07-14,18.57,18.58,18.54,18.58,32000.0
2020-07-15,18.58,18.58,18.56,18.56,1000.0
2020-07-16,18.17,18.17,17.56,17.65,5600.0
2020-07-20,18.0,18.0,18.0,18.0,2000.0
2020-07-22,18.21,18.21,18.21,18.21,7300.0
2020-07-23,18.24,18.24,18.24,18.24,100.0
2020-07-24,17.55,17.56,17.54,17.54,16000.0
2020-07-27,17.39,17.39,17.39,17.39,20000.0
2020-07-28,17.68,17.68,17.68,17.68,5000.0
2020-07-29,18.0,18.04,18.0,18.04,30000.0
2020-08-03,18.37,18.46,18.37,18.46,4400.0
2020-08-04,18.72,18.72,18.56,18.56,6000.0
2020-08-05,18.56,18.59,18.52,18.59,39300.0
2020-08-12,17.97,18.1,17.97,18.1,33200.0
2020-08-14,18.32,18.32,18.32,18.32,900.0
2020-08-17,18.8,18.8,18.8,18.8,3700.0
2020-08-18,18.8,18.8,18.8,18.8,1000.0
2020-08-20,18.46,18.46,18.46,18.46,1000.0
2020-08-21,18.52,18.52,18.52,18.52,1000.0
2020-08-31,19.27,19.27,19.06,19.06,500.0
2020-09-01,19.19,19.19,19.19,19.19,1000.0
2020-09-04,18.95,18.95,18.95,18.95,500.0
2020-09-07,18.86,18.86,18.64,18.64,8000.0
2020-09-18,18.35,18.84,18.35,18.81,57400.0
2020-09-22,18.36,18.36,18.36,18.36,1000.0
2020-09-23,18.25,18.25,18.24,18.24,600.0
2020-10-06,18.3,18.45,18.3,18.45,8000.0
2020-10-23,18.97,19.09,18.92,19.09,97200.0
2020-10-28,18.56,18.63,18.56,18.63,1200.0
2020-11-02,18.84,18.85,18.83,18.85,24000.0
2020-11-03,19.05,19.05,19.05,19.05,1000.0
2020-11-04,18.84,18.86,18.84,18.85,32000.0
2020-11-05,19.33,19.67,19.33,19.67,17000.0
2020-11-09,19.9,20.04,19.9,20.04,5500.0
2020-11-10,19.98,20.0,19.98,19.99,11600.0
2020-11-11,19.94,19.95,19.75,19.75,88500.0
2020-11-12,19.73,19.73,19.59,19.63,55200.0
2020-11-13,19.41,19.41,19.31,19.31,6100.0
2020-11-16,19.7,19.7,19.6,19.68,7400.0
2020-11-17,19.75,19.79,19.75,19.78,33600.0
2020-11-19,19.49,19.6,19.49,19.6,5000.0
2020-11-20,19.79,19.79,19.79,19.79,8000.0
2020-11-23,20.14,20.14,20.14,20.14,2800.0
2020-11-24,19.92,19.92,19.92,19.92,8000.0
2020-11-27,19.93,19.98,19.93,19.98,12000.0
2020-11-30,19.88,19.88,19.79,19.79,22600.0
2020-12-02,20.14,20.14,20.14,20.14,2000.0
2020-12-04,20.26,20.32,20.26,20.32,8700.0
2020-12-10,19.96,19.98,19.92,19.92,14000.0
2020-12-11,19.93,19.93,19.74,19.86,96800.0
2020-12-15,20.0,20.0,19.94,20.0,45600.0
2020-12-16,20.28,20.28,20.24,20.26,32800.0
2020-12-17,20.5,20.5,20.5,20.5,3500.0
2020-12-22,20.3,20.3,20.3,20.3,5600.0
2020-12-23,20.34,20.34,20.34,20.34,5600.0
2020-12-28,20.56,20.66,20.46,20.66,33200.0
2020-12-29,20.82,20.82,20.6,20.6,38800.0
2020-12-30,20.88,20.88,20.88,20.88,9200.0
2021-01-04,21.74,21.84,21.74,21.84,5000.0
2021-01-05,22.26,22.26,22.26,22.26,2000.0
2021-01-06,22.38,22.44,22.38,22.44,7000.0
2021-01-07,22.56,22.72,22.56,22.72,5200.0
2021-01-11,22.62,22.62,22.48,22.48,3000.0
2021-01-12,22.48,22.96,22.48,22.96,3500.0
2021-01-19,22.5,22.5,22.36,22.36,5200.0
2021-01-22,22.96,22.96,22.76,22.76,2200.0
2021-01-25,23.18,23.32,23.18,23.24,51000.0
2021-01-26,22.78,22.8,22.68,22.68,15000.0
2021-01-27,22.44,22.44,22.44,22.44,300.0
2021-02-01,22.1,22.1,22.1,22.1,8500.0
2021-02-02,22.32,22.38,22.32,22.38,5000.0
2021-02-04,22.64,22.64,22.64,22.64,22000.0
2021-02-08,22.64,22.82,22.54,22.76,47400.0
2021-02-09,23.04,23.26,23.04,23.26,3000.0
2021-02-10,23.86,23.92,23.86,23.92,5000.0
2021-02-17,24.22,24.28,24.22,24.28,3100.0
2021-02-19,23.84,23.84,23.42,23.7,10700.0
2021-02-25,22.46,22.68,22.46,22.5,81600.0
2021-02-26,21.94,21.94,21.86,21.86,1500.0
2021-03-02,21.9,21.9,21.9,21.9,500.0
2021-03-05,21.1,21.22,21.1,21.22,500.0
2021-03-08,20.5,20.5,20.5,20.5,100.0
2021-03-09,20.08,20.08,20.02,20.04,22900.0
2021-03-12,20.72,20.72,20.72,20.72,24000.0
2021-03-26,20.54,20.54,20.46,20.46,14600.0
2021-03-30,20.46,20.46,20.46,20.46,0.0
2021-03-31,20.3,20.3,20.3,20.3,5300.0
2021-04-01,20.3,20.3,20.3,20.3,0.0
2021-04-07,20.48,20.56,20.46,20.56,11000.0
2021-04-08,20.76,20.76,20.76,20.76,7600.0
2021-04-09,20.48,20.48,20.48,20.48,200.0
2021-04-12,20.48,20.48,20.48,20.48,0.0
2021-04-13,20.24,20.24,20.24,20.24,0.0
2021-04-14,20.22,20.22,20.22,20.22,0.0
2021-04-15,20.22,20.22,20.22,20.22,0.0
2021-04-16,20.22,20.22,20.22,20.22,0.0
2021-04-19,20.22,20.22,20.22,20.22,0.0
2021-04-20,20.64,20.64,20.64,20.64,0.0
2021-04-21,20.68,20.68,20.68,20.68,0.0
2021-04-22,20.76,20.76,20.76,20.76,0.0
2021-04-23,20.78,20.78,20.78,20.78,0.0
2021-04-26,21.02,21.02,21.02,21.02,0.0
2021-04-27,21.02,21.02,21.02,21.02,0.0
2021-04-28,21.02,21.02,21.02,21.02,0.0
2021-04-29,21.2,21.2,21.2,21.2,22000.0
2021-04-30,21.2,21.2,21.2,21.2,0.0
2021-05-03,21.2,21.2,21.2,21.2,0.0
2021-05-04,20.8,20.8,20.72,20.72,45300.0
2021-05-05,20.64,20.9,20.64,20.9,23000.0
2021-05-06,20.9,20.9,20.9,20.9,0.0
2021-05-07,20.9,20.9,20.9,20.9,0.0
2021-05-10,20.78,20.78,20.78,20.78,0.0
2021-05-11,20.78,20.78,20.78,20.78,0.0
2021-05-12,20.78,20.78,20.78,20.78,0.0
2021-05-13,20.6,20.6,20.56,20.56,500.0
2021-05-14,20.8,20.92,20.8,20.92,11000.0
2021-05-17,21.54,21.56,21.46,21.46,20600.0
2021-05-18,21.46,21.46,21.46,21.46,0.0
2021-05-20,21.46,21.46,21.46,21.46,0.0
2021-05-21,21.46,21.46,21.46,21.46,0.0
2021-05-24,21.46,21.46,21.46,21.46,0.0
2021-05-25,22.26,22.26,22.26,22.26,0.0
2021-05-26,22.26,22.26,22.26,22.26,0.0
2021-05-27,22.3,22.3,22.3,22.3,0.0
2021-05-28,22.24,22.34,22.24,22.34,8000.0
2021-05-31,22.46,22.46,22.46,22.46,0.0
2021-06-01,22.46,22.46,22.46,22.46,0.0
2021-06-02,22.4,22.4,22.4,22.4,0.0
2021-06-03,22.24,22.24,22.24,22.24,0.0
2021-06-04,22.12,22.12,22.1,22.1,9700.0
2021-06-07,22.14,22.14,22.14,22.14,0.0
2021-06-08,22.08,22.08,22.08,22.08,100.0
2021-06-09,22.08,22.08,22.08,22.08,0.0
2021-06-10,22.16,22.16,22.16,22.16,0.0
2021-06-11,22.2,22.2,21.92,22.04,6000.0
2021-06-15,21.98,21.98,21.98,21.98,0.0
2021-06-16,21.76,21.76,21.6,21.6,44000.0
2021-06-17,21.6,21.6,21.6,21.6,0.0
2021-06-18,21.28,21.28,21.28,21.28,5000.0
2021-06-21,21.28,21.28,21.28,21.28,0.0
2021-06-22,21.52,21.52,21.52,21.52,100.0
2021-06-23,21.52,21.52,21.52,21.52,0.0
2021-06-24,21.52,21.52,21.52,21.52,0.0
2021-06-25,22.0,22.0,22.0,22.0,0.0
2021-06-28,22.0,22.0,22.0,22.0,0.0
2021-06-29,22.0,22.0,22.0,22.0,0.0
2021-06-30,22.0,22.0,22.0,22.0,0.0
2021-07-02,21.8,21.8,21.5,21.5,11100.0
2021-07-05,21.5,21.5,21.5,21.5,0.0
2021-07-06,21.5,21.5,21.5,21.5,0.0
2021-07-07,21.5,21.5,21.5,21.5,0.0
2021-07-08,21.5,21.5,21.5,21.5,0.0
2021-07-09,21.5,21.5,21.5,21.5,0.0
2021-07-12,21.5,21.5,21.5,21.5,0.0
2021-07-13,21.5,21.5,21.5,21.5,0.0
2021-07-14,21.5,21.5,21.5,21.5,0.0
2021-07-15,21.5,21.5,21.5,21.5,0.0
2021-07-16,21.62,21.62,21.62,21.62,700.0
2021-07-19,21.52,21.52,21.52,21.52,100.0
2021-07-20,21.52,21.52,21.52,21.52,0.0
2021-07-21,21.52,21.52,21.52,21.52,0.0
2021-07-22,21.52,21.52,21.52,21.52,0.0
2021-07-23,21.52,21.52,21.52,21.52,0.0
2021-07-26,20.74,20.74,20.74,20.74,500.0
2021-07-27,20.7,20.7,19.81,19.81,200.0
2021-07-28,20.1,20.1,19.87,19.94,121000.0
2021-07-29,19.94,19.94,19.94,19.94,0.0
2021-07-30,20.16,20.16,20.14,20.14,6000.0
2021-08-02,20.7,20.7,20.7,20.7,100.0
2021-08-03,20.7,20.7,20.7,20.7,0.0
2021-08-04,20.92,20.92,20.92,20.92,11000.0
2021-08-05,20.92,20.92,20.92,20.92,0.0
2021-08-06,20.92,20.92,20.92,20.92,5000.0
2021-08-09,20.92,20.92,20.92,20.92,0.0
2021-08-10,21.42,21.42,21.42,21.42,11000.0
2021-08-11,21.4,21.4,21.4,21.4,0.0
2021-08-12,21.26,21.26,21.26,21.26,0.0
2021-08-13,21.26,21.26,21.26,21.26,0.0
2021-08-16,21.2,21.2,21.2,21.2,0.0
2021-08-17,20.7,20.7,20.7,20.7,0.0
2021-08-18,20.7,20.7,20.7,20.7,0.0
2021-08-19,20.7,20.7,20.7,20.7,0.0
2021-08-20,20.28,20.28,20.28,20.28,0.0
2021-08-23,20.28,20.28,20.28,20.28,0.0
2021-08-24,20.28,20.28,20.28,20.28,0.0
2021-08-25,20.28,20.28,20.28,20.28,0.0
2021-08-26,20.28,20.28,20.28,20.28,0.0
2021-08-27,20.28,20.28,20.28,20.28,0.0
2021-08-30,20.28,20.28,20.28,20.28,0.0
2021-08-31,20.28,20.28,20.28,20.28,200.0
2021-09-01,21.06,21.06,21.04,21.04,20300.0
2021-09-02,21.04,21.04,21.04,21.04,0.0
2021-09-03,21.04,21.04,21.04,21.04,0.0
2021-09-06,21.04,21.04,21.04,21.04,0.0
2021-09-07,21.04,21.04,21.04,21.04,0.0
2021-09-08,21.04,21.04,21.04,21.04,0.0
2021-09-09,21.04,21.04,21.04,21.04,0.0
2021-09-10,21.04,21.04,21.04,21.04,0.0
2021-09-13,21.04,21.04,21.04,21.04,0.0
2021-09-14,21.04,21.04,21.04,21.04,0.0
2021-09-15,21.04,21.04,21.04,21.04,0.0
2021-09-16,21.04,21.04,21.04,21.04,0.0
2021-09-17,21.04,21.04,21.04,21.04,0.0
2021-09-20,20.8,20.8,20.72,20.72,37300.0
2021-09-21,20.74,20.74,20.74,20.74,0.0
2021-09-23,20.74,20.74,20.74,20.74,0.0
2021-09-24,21.12,21.12,21.12,21.12,1100.0
2021-09-27,21.44,21.44,21.44,21.44,4300.0
2021-09-28,21.44,21.44,21.44,21.44,0.0
2021-09-29,21.12,21.12,21.12,21.12,0.0
2021-09-30,21.12,21.12,21.12,21.12,0.0
2021-10-04,21.1,21.1,21.1,21.1,0.0
2021-10-05,21.2,21.2,21.02,21.02,5200.0
2021-10-06,20.94,21.04,20.94,21.04,10300.0
2021-10-07,21.04,21.04,21.04,21.04,0.0
2021-10-08,21.04,21.04,21.04,21.04,0.0
2021-10-11,21.04,21.04,21.04,21.04,0.0
2021-10-12,21.04,21.04,21.04,21.04,0.0
2021-10-15,21.04,21.04,21.04,21.04,0.0
2021-10-18,21.04,21.04,21.04,21.04,0.0
2021-10-19,21.04,21.04,21.04,21.04,0.0
2021-10-20,21.04,21.04,21.04,21.04,0.0
2021-10-21,21.04,21.04,21.04,21.04,0.0
2021-10-22,21.04,21.04,21.04,21.04,0.0
2021-10-25,21.04,21.04,21.04,21.04,0.0
2021-10-26,21.04,21.04,21.04,21.04,0.0
2021-10-27,21.04,21.04,21.04,21.04,0.0
2021-10-28,21.04,21.04,21.04,21.04,0.0
2021-10-29,21.04,21.04,21.04,21.04,0.0
2021-11-01,21.04,21.04,21.04,21.04,0.0
2021-11-02,21.34,21.34,21.34,21.34,200.0
2021-11-03,21.34,21.34,21.34,21.34,0.0
2021-11-04,21.34,21.34,21.34,21.34,0.0
2021-11-05,21.34,21.34,21.34,21.34,0.0
2021-11-08,21.34,21.34,21.34,21.34,0.0
2021-11-09,21.34,21.34,21.34,21.34,100.0
2021-11-10,21.34,21.34,21.34,21.34,0.0
2021-12-13,22.4,22.4,22.32,22.32,1000.0
2021-12-14,22.06,22.1,22.06,22.1,2000.0
2021-12-23,21.82,21.82,21.82,21.82,100.0
2022-01-13,20.82,20.82,20.82,20.82,1000.0
2022-01-28,19.9,19.9,19.89,19.89,11000.0
2022-02-04,20.06,20.06,20.06,20.06,90000.0
2022-02-07,20.3,20.3,20.3,20.3,11000.0
2022-02-08,19.8,19.8,19.8,19.8,200.0
2022-02-24,19.95,19.95,19.95,19.95,2700.0
2022-03-04,19.85,19.85,19.85,19.85,11000.0
2022-03-07,19.36,19.36,19.36,19.36,11000.0
2022-03-08,18.95,18.95,18.95,18.95,10300.0
2022-03-15,17.86,18.08,17.46,17.46,18200.0
2022-04-12,18.31,18.31,18.31,18.31,50000.0
2022-04-13,18.46,18.46,18.35,18.35,41000.0
2022-04-14,18.44,18.44,18.44,18.44,2400.0
2022-04-20,18.12,18.12,18.04,18.04,11600.0
2022-04-25,16.9,16.9,16.9,16.9,7500.0
2022-05-03,17.08,17.08,17.08,17.08,45500.0
2022-05-04,17.13,17.13,17.13,17.13,22800.0
2022-05-11,16.76,16.89,16.69,16.69,29200.0
2022-05-18,16.8,16.8,16.79,16.79,5400.0
2022-06-08,17.98,17.98,17.98,17.98,30000.0
2022-06-15,18.07,18.07,18.07,18.07,30000.0
2022-06-28,18.8,18.8,18.8,18.8,4000.0
2022-06-29,18.8,18.8,18.8,18.8,100.0
2022-07-06,18.75,18.75,18.75,18.75,8100.0
2022-08-08,17.78,17.78,17.78,17.78,200.0
2022-08-19,17.82,17.82,17.82,17.82,1100.0
2022-09-06,16.95,16.95,16.95,16.95,10000.0
2022-09-07,16.97,16.97,16.96,16.97,14800.0
2022-09-19,16.25,16.25,16.25,16.25,1600.0
2022-10-05,15.98,16.35,15.97,16.35,78000.0
2022-10-07,16.08,16.08,16.08,16.08,100.0
2022-10-24,14.79,14.79,14.79,14.79,100.0
2022-10-25,14.44,14.53,14.44,14.53,19500.0
2022-11-01,14.61,14.61,14.61,14.61,12000.0
2022-11-07,15.33,15.33,15.33,15.33,14200.0
2022-11-15,15.8,15.8,15.8,15.8,7200.0
2022-11-16,15.81,15.82,15.75,15.75,86200.0
2022-11-28,14.95,14.95,14.93,14.93,28100.0
2022-11-29,15.27,15.47,15.27,15.47,14400.0
2022-12-05,15.47,16.18,15.47,16.18,14600.0
2022-12-09,16.27,16.27,16.27,16.27,200.0
2022-12-20,15.55,15.55,15.55,15.55,7200.0
2022-12-21,15.62,15.62,15.62,15.62,7200.0
2022-12-29,15.76,15.76,15.76,15.76,6500.0
2023-01-03,16.06,16.08,16.06,16.08,14400.0
2023-01-04,16.08,16.08,16.06,16.06,700.0
2023-01-05,16.36,16.36,16.31,16.31,7400.0
2023-01-11,16.8,16.8,16.8,16.8,7200.0
2023-01-26,17.49,18.08,17.49,18.01,72000.0
2023-01-27,18.08,18.08,17.95,17.95,50400.0
2023-01-30,17.95,17.95,17.58,17.59,66600.0
2023-02-17,16.97,16.97,16.94,16.94,10300.0
2023-02-20,16.92,17.09,16.92,17.09,14400.0
2023-02-21,17.02,17.09,17.02,17.09,10000.0
2023-02-22,16.98,16.98,16.98,16.98,500.0
2023-03-02,17.0,17.0,17.0,17.0,100.0
2023-03-10,16.74,16.74,16.65,16.65,7000.0
2023-03-13,16.57,16.57,16.57,16.57,7000.0
2023-03-14,16.43,16.47,16.41,16.41,30100.0
2023-03-27,16.41,16.41,16.41,16.41,1000.0
2023-04-18,16.74,16.74,16.74,16.74,7200.0
2023-04-20,16.58,16.78,16.58,16.78,28700.0
2023-04-24,16.56,16.56,16.56,16.56,7000.0
2023-05-02,16.41,16.41,16.41,16.41,28000.0
2023-05-12,16.01,16.06,15.86,15.86,62654.0
2023-05-16,16.09,16.22,15.72,15.95,133043.0
2023-05-25,15.21,15.22,15.21,15.22,1500.0
2023-05-29,15.11,15.11,15.11,15.11,1400.0
2023-05-30,15.02,15.11,14.95,15.08,48407.0
2023-06-06,15.1,15.1,15.1,15.1,7000.0
2023-06-08,14.78,14.78,14.78,14.78,7000.0
2023-06-16,15.41,15.41,15.41,15.41,100.0
2023-06-23,15.02,15.02,14.9,14.9,54700.0
2023-07-26,15.25,15.25,15.25,15.25,100.0
2023-09-28,14.26,14.26,14.26,14.26,100.0
2023-09-29,14.3,14.31,14.3,14.31,21600.0
2023-10-03,14.11,14.11,14.11,14.11,24900.0
2023-11-07,14.06,14.06,14.06,14.06,200.0
2023-11-22,14.03,14.03,14.03,14.03,200.0
2023-12-11,13.36,13.36,13.36,13.36,3500.0
2024-01-16,12.86,12.86,12.86,12.86,100.0
2024-01-18,12.61,12.61,12.61,12.61,500.0
2024-01-24,12.58,12.6,12.58,12.6,300.0
2024-01-30,12.41,12.41,12.41,12.41,100.0
2024-03-06,13.54,13.6,13.54,13.6,400.0
2024-03-11,13.67,13.67,13.67,13.67,45000.0
2024-03-15,13.53,13.53,13.53,13.53,25000.0
2024-03-18,13.64,13.78,13.64,13.78,1500.0
2024-03-22,13.63,13.63,13.61,13.61,20000.0
2024-04-08,13.53,13.55,13.53,13.54,21000.0
2024-04-10,13.51,13.63,13.51,13.53,29000.0
2024-04-12,13.37,13.37,13.35,13.35,16400.0
2024-04-15,13.58,13.58,13.57,13.57,8200.0
2024-04-18,13.69,13.72,13.69,13.72,500.0
2024-05-02,13.8,13.8,13.8,13.8,16000.0
2024-05-03,13.89,13.89,13.89,13.89,45200.0
2024-05-06,13.96,13.99,13.95,13.99,61200.0
2024-06-24,13.26,13.26,13.26,13.26,100.0
2024-06-28,13.08,13.08,13.08,13.08,100.0
2024-07-23,13.04,15.0,13.04,14.0,152300.0
2024-07-24,13.59,14.31,13.42,13.42,169200.0
2024-07-25,12.92,13.8,12.92,13.44,64600.0
2024-07-26,12.99,14.9,12.99,14.9,133800.0
2024-07-31,15.03,15.03,14.87,14.87,19300.0
2024-08-02,14.56,14.56,14.56,14.56,8000.0
2024-08-05,14.18,14.18,13.45,13.45,16000.0
2024-08-07,12.96,12.96,12.96,12.96,1800.0
2024-08-09,12.94,12.94,12.94,12.94,2200.0
2024-08-26,12.82,12.82,12.82,12.82,2000.0
2024-09-24,12.67,13.03,12.67,13.03,30000.0
2024-09-30,14.99,15.58,14.31,15.45,65700.0
2024-10-02,15.81,16.45,15.81,16.45,84600.0
2024-10-03,16.65,16.65,16.12,16.34,108300.0
2024-10-04,16.75,17.04,16.74,16.99,45000.0
2024-10-07,17.39,17.68,17.2,17.45,52100.0
2024-10-08,17.6,17.68,17.6,17.6,104500.0
2024-10-09,16.02,16.02,15.28,15.28,4400.0
2024-10-10,15.4,15.4,15.39,15.4,16600.0
2024-10-15,15.14,15.14,15.01,15.01,7000.0
2024-10-17,14.5,14.5,14.5,14.5,2200.0
2024-10-18,14.48,14.93,14.48,14.93,6000.0
2024-10-23,15.11,15.19,15.11,15.19,12000.0
2024-10-28,15.21,15.21,15.21,15.21,4800.0
2024-11-21,15.02,15.02,15.02,15.02,7000.0
2024-11-27,14.5,14.67,14.5,14.67,1100.0
2024-12-05,14.46,14.52,14.46,14.52,400.0
2024-12-10,15.04,15.04,15.04,15.04,1000.0
2024-12-13,14.64,14.64,14.63,14.63,1000.0
2024-12-19,14.64,14.64,14.64,14.64,200.0
2025-01-22,14.24,14.24,14.23,14.23,1000.0
2025-02-04,14.09,14.26,14.09,14.26,10300.0
2025-02-05,13.84,14.16,13.84,14.16,9200.0
