time,label
2019-02-21 10:30:00,1
2019-02-21 11:00:00,1
2019-02-21 11:30:00,1
2019-02-21 13:30:00,1
2019-02-21 14:00:00,1
2019-02-25 10:30:00,1
2019-02-25 11:00:00,1
2019-02-25 11:30:00,1
2019-02-25 13:30:00,1
2019-02-25 14:00:00,1
2019-02-28 10:00:00,1
2019-02-28 10:30:00,1
2019-02-28 11:00:00,1
2019-02-28 11:30:00,1
2019-02-28 13:30:00,1
2019-03-08 10:30:00,3
2019-03-08 11:00:00,3
2019-03-08 11:30:00,3
2019-03-08 13:30:00,3
2019-03-08 14:00:00,3
2019-03-13 13:30:00,2
2019-03-13 14:00:00,2
2019-03-13 14:30:00,2
2019-03-13 15:00:00,2
2019-03-14 10:00:00,2
2019-03-15 15:00:00,3
2019-03-18 10:00:00,3
2019-03-18 10:30:00,3
2019-03-18 11:00:00,3
2019-03-18 11:30:00,3
2019-03-19 11:00:00,3
2019-03-19 11:30:00,3
2019-03-19 13:30:00,3
2019-03-19 14:00:00,3
2019-03-19 14:30:00,3
2019-03-21 11:30:00,3
2019-03-21 13:30:00,3
2019-03-21 14:00:00,3
2019-03-21 14:30:00,3
2019-03-21 15:00:00,3
2019-03-22 13:30:00,3
2019-03-22 14:00:00,3
2019-03-22 14:30:00,3
2019-03-22 15:00:00,3
2019-03-25 10:00:00,3
2019-03-26 10:00:00,2
2019-03-26 10:30:00,2
2019-03-26 11:00:00,2
2019-03-26 11:30:00,2
2019-03-26 13:30:00,2
2019-04-01 11:30:00,1
2019-04-01 13:30:00,1
2019-04-01 14:00:00,1
2019-04-01 14:30:00,1
2019-04-01 15:00:00,1
2019-04-03 11:00:00,2
2019-04-03 11:30:00,2
2019-04-03 13:30:00,2
2019-04-03 14:00:00,2
2019-04-03 14:30:00,2
2019-04-09 10:30:00,1
2019-04-09 11:00:00,1
2019-04-09 11:30:00,1
2019-04-09 13:30:00,1
2019-04-09 14:00:00,1
2019-04-23 10:00:00,2
2019-04-23 10:30:00,2
2019-04-23 11:00:00,2
2019-04-23 11:30:00,2
2019-04-23 13:30:00,2
2019-05-07 10:30:00,2
2019-05-07 11:00:00,2
2019-05-07 11:30:00,2
2019-05-07 13:30:00,2
2019-05-07 14:00:00,2
2019-05-23 10:00:00,2
2019-05-23 10:30:00,2
2019-05-23 11:00:00,2
2019-05-23 11:30:00,2
2019-05-23 13:30:00,2
2019-05-28 10:30:00,1
2019-05-28 11:00:00,1
2019-05-28 11:30:00,1
2019-05-28 13:30:00,1
2019-05-28 14:00:00,1
2019-06-03 10:00:00,1
2019-06-03 10:30:00,1
2019-06-03 11:00:00,1
2019-06-03 11:30:00,1
2019-06-03 13:30:00,1
2019-06-06 10:00:00,2
2019-06-06 10:30:00,2
2019-06-06 11:00:00,2
2019-06-06 11:30:00,2
2019-06-06 13:30:00,2
2019-06-12 14:30:00,3
2019-06-12 15:00:00,3
2019-06-13 10:00:00,3
2019-06-13 10:30:00,3
2019-06-13 11:00:00,3
2019-06-14 10:00:00,2
2019-06-14 10:30:00,2
2019-06-14 11:00:00,2
2019-06-14 11:30:00,2
2019-06-14 13:30:00,2
2019-06-25 15:00:00,3
2019-06-26 10:00:00,3
2019-06-26 10:30:00,3
2019-06-26 11:00:00,3
2019-06-26 11:30:00,3
2019-07-03 14:30:00,3
2019-07-03 15:00:00,3
2019-07-04 10:00:00,3
2019-07-04 10:30:00,3
2019-07-04 11:00:00,3
2019-07-08 10:30:00,2
2019-07-08 11:00:00,2
2019-07-08 11:30:00,2
2019-07-08 13:30:00,2
2019-07-08 14:00:00,2
2019-07-15 11:00:00,1
2019-07-15 11:30:00,1
2019-07-15 13:30:00,1
2019-07-15 14:00:00,1
2019-07-15 14:30:00,1
2019-07-23 15:00:00,1
2019-07-24 10:00:00,1
2019-07-24 10:30:00,1
2019-07-24 11:00:00,1
2019-07-24 11:30:00,1
2019-07-26 14:30:00,1
2019-07-26 15:00:00,1
2019-07-29 10:00:00,1
2019-07-29 10:30:00,1
2019-07-29 11:00:00,1
2019-08-07 10:00:00,2
2019-08-07 10:30:00,2
2019-08-07 11:00:00,2
2019-08-07 11:30:00,2
2019-08-07 13:30:00,2
2019-08-12 14:00:00,1
2019-08-12 14:30:00,1
2019-08-12 15:00:00,1
2019-08-13 10:00:00,1
2019-08-13 10:30:00,1
2019-08-15 11:30:00,1
2019-08-15 13:30:00,1
2019-08-15 14:00:00,1
2019-08-15 14:30:00,1
2019-08-15 15:00:00,1
2019-08-23 14:00:00,1
2019-08-23 14:30:00,1
2019-08-23 15:00:00,1
2019-08-26 10:00:00,1
2019-08-26 10:30:00,1
2019-08-28 10:00:00,3
2019-08-28 10:30:00,3
2019-08-28 11:00:00,3
2019-08-28 11:30:00,3
2019-08-28 13:30:00,3
2019-08-29 11:30:00,3
2019-08-29 13:30:00,3
2019-08-29 14:00:00,3
2019-08-29 14:30:00,3
2019-08-29 15:00:00,3
2019-09-02 13:30:00,1
2019-09-02 14:00:00,1
2019-09-02 14:30:00,1
2019-09-02 15:00:00,1
2019-09-03 10:00:00,1
2019-09-05 10:30:00,1
2019-09-05 11:00:00,1
2019-09-05 11:30:00,1
2019-09-05 13:30:00,1
2019-09-05 14:00:00,1
2019-09-11 11:30:00,3
2019-09-11 13:30:00,3
2019-09-11 14:00:00,3
2019-09-11 14:30:00,3
2019-09-11 15:00:00,3
2019-09-19 11:00:00,3
2019-09-19 11:30:00,3
2019-09-19 13:30:00,3
2019-09-19 14:00:00,3
2019-09-19 14:30:00,3
2019-09-26 10:30:00,2
2019-09-26 11:00:00,2
2019-09-26 11:30:00,2
2019-09-26 13:30:00,2
2019-09-26 14:00:00,2
2019-10-10 10:30:00,1
2019-10-10 11:00:00,1
2019-10-10 11:30:00,1
2019-10-10 13:30:00,1
2019-10-10 14:00:00,1
2019-10-16 10:30:00,3
2019-10-16 11:00:00,3
2019-10-16 11:30:00,3
2019-10-16 13:30:00,3
2019-10-16 14:00:00,3
2019-10-17 10:00:00,3
2019-10-17 10:30:00,3
2019-10-17 11:00:00,3
2019-10-17 11:30:00,3
2019-10-17 13:30:00,3
2019-10-29 10:30:00,2
2019-10-29 11:00:00,2
2019-10-29 11:30:00,2
2019-10-29 13:30:00,2
2019-10-29 14:00:00,2
2019-11-05 11:30:00,2
2019-11-05 13:30:00,2
2019-11-05 14:00:00,2
2019-11-05 14:30:00,2
2019-11-05 15:00:00,2
2019-11-11 14:00:00,2
2019-11-11 14:30:00,2
2019-11-11 15:00:00,2
2019-11-12 10:00:00,2
2019-11-12 10:30:00,2
2019-11-14 14:00:00,3
2019-11-14 14:30:00,3
2019-11-14 15:00:00,3
2019-11-15 10:00:00,3
2019-11-15 10:30:00,3
2019-11-18 10:00:00,3
2019-11-18 10:30:00,3
2019-11-18 11:00:00,3
2019-11-18 11:30:00,3
2019-11-18 13:30:00,3
2019-11-22 11:30:00,2
2019-11-22 13:30:00,2
2019-11-22 14:00:00,2
2019-11-22 14:30:00,2
2019-11-22 15:00:00,2
2019-12-03 10:00:00,3
2019-12-03 10:30:00,3
2019-12-03 11:00:00,3
2019-12-03 11:30:00,3
2019-12-03 13:30:00,3
2019-12-05 10:30:00,1
2019-12-05 11:00:00,1
2019-12-05 11:30:00,1
2019-12-05 13:30:00,1
2019-12-05 14:00:00,1
2019-12-10 10:00:00,2
2019-12-10 10:30:00,2
2019-12-10 11:00:00,2
2019-12-10 11:30:00,2
2019-12-10 13:30:00,2
2019-12-12 10:00:00,1
2019-12-12 10:30:00,1
2019-12-12 11:00:00,1
2019-12-12 11:30:00,1
2019-12-12 13:30:00,1
2019-12-17 10:30:00,1
2019-12-17 11:00:00,1
2019-12-17 11:30:00,1
2019-12-17 13:30:00,1
2019-12-17 14:00:00,1
2019-12-20 10:30:00,2
2019-12-20 11:00:00,2
2019-12-20 11:30:00,2
2019-12-20 13:30:00,2
2019-12-20 14:00:00,2
2019-12-25 14:30:00,3
2019-12-25 15:00:00,3
2019-12-26 10:00:00,3
2019-12-26 10:30:00,3
2019-12-26 11:00:00,3
2020-01-03 11:00:00,3
2020-01-03 11:30:00,3
2020-01-03 13:30:00,3
2020-01-03 14:00:00,3
2020-01-03 14:30:00,3
2020-01-09 10:30:00,1
2020-01-09 11:00:00,1
2020-01-09 11:30:00,1
2020-01-09 13:30:00,1
2020-01-09 14:00:00,1
2020-01-15 14:30:00,1
2020-01-15 15:00:00,1
2020-01-16 10:00:00,1
2020-01-16 10:30:00,1
2020-01-16 11:00:00,1
2020-01-20 10:30:00,1
2020-01-20 11:00:00,1
2020-01-20 11:30:00,1
2020-01-20 13:30:00,1
2020-01-20 14:00:00,1
2020-02-04 13:30:00,1
2020-02-04 14:00:00,1
2020-02-04 14:30:00,1
2020-02-04 15:00:00,1
2020-02-05 10:00:00,1
2020-02-07 10:30:00,1
2020-02-07 11:00:00,1
2020-02-07 11:30:00,1
2020-02-07 13:30:00,1
2020-02-07 14:00:00,1
2020-02-13 10:00:00,3
2020-02-13 10:30:00,3
2020-02-13 11:00:00,3
2020-02-13 11:30:00,3
2020-02-13 13:30:00,3
2020-02-14 10:30:00,3
2020-02-14 11:00:00,3
2020-02-14 11:30:00,3
2020-02-14 13:30:00,3
2020-02-14 14:00:00,3
2020-03-09 11:30:00,3
2020-03-09 13:30:00,3
2020-03-09 14:00:00,3
2020-03-09 14:30:00,3
2020-03-09 15:00:00,3
2020-03-13 10:30:00,2
2020-03-13 11:00:00,2
2020-03-13 11:30:00,2
2020-03-13 13:30:00,2
2020-03-13 14:00:00,2
2020-03-18 14:30:00,3
2020-03-18 15:00:00,3
2020-03-19 10:00:00,3
2020-03-19 10:30:00,3
2020-03-19 11:00:00,3
2020-03-20 10:30:00,1
2020-03-20 11:00:00,1
2020-03-20 11:30:00,1
2020-03-20 13:30:00,1
2020-03-20 14:00:00,1
2020-03-25 13:30:00,3
2020-03-25 14:00:00,3
2020-03-25 14:30:00,3
2020-03-25 15:00:00,3
2020-03-26 10:00:00,3
2020-03-27 14:30:00,2
2020-03-27 15:00:00,2
2020-03-30 10:00:00,2
2020-03-30 10:30:00,2
2020-03-30 11:00:00,2
2020-04-01 10:00:00,3
2020-04-01 10:30:00,3
2020-04-01 11:00:00,3
2020-04-01 11:30:00,3
2020-04-01 13:30:00,3
2020-04-02 14:30:00,1
2020-04-02 15:00:00,1
2020-04-03 10:00:00,1
2020-04-03 10:30:00,1
2020-04-03 11:00:00,1
2020-04-08 11:00:00,1
2020-04-08 11:30:00,1
2020-04-08 13:30:00,1
2020-04-08 14:00:00,1
2020-04-08 14:30:00,1
2020-04-14 11:00:00,1
2020-04-14 11:30:00,1
2020-04-14 13:30:00,1
2020-04-14 14:00:00,1
2020-04-14 14:30:00,1
2020-04-17 10:00:00,1
2020-04-17 10:30:00,1
2020-04-17 11:00:00,1
2020-04-17 11:30:00,1
2020-04-17 13:30:00,1
2020-04-22 10:00:00,3
2020-04-22 10:30:00,3
2020-04-22 11:00:00,3
2020-04-22 11:30:00,3
2020-04-22 13:30:00,3
2020-04-27 15:00:00,3
2020-04-28 10:00:00,3
2020-04-28 10:30:00,3
2020-04-28 11:00:00,3
2020-04-28 11:30:00,3
2020-04-30 10:00:00,1
2020-04-30 10:30:00,1
2020-04-30 11:00:00,1
2020-04-30 11:30:00,1
2020-04-30 13:30:00,1
2020-05-07 10:30:00,1
2020-05-07 11:00:00,1
2020-05-07 11:30:00,1
2020-05-07 13:30:00,1
2020-05-07 14:00:00,1
2020-05-15 10:30:00,3
2020-05-15 11:00:00,3
2020-05-15 11:30:00,3
2020-05-15 13:30:00,3
2020-05-15 14:00:00,3
2020-05-18 10:30:00,2
2020-05-18 11:00:00,2
2020-05-18 11:30:00,2
2020-05-18 13:30:00,2
2020-05-18 14:00:00,2
2020-05-27 10:30:00,2
2020-05-27 11:00:00,2
2020-05-27 11:30:00,2
2020-05-27 13:30:00,2
2020-05-27 14:00:00,2
2020-06-01 10:00:00,1
2020-06-01 10:30:00,1
2020-06-01 11:00:00,1
2020-06-01 11:30:00,1
2020-06-01 13:30:00,1
2020-06-04 11:00:00,2
2020-06-04 11:30:00,2
2020-06-04 13:30:00,2
2020-06-04 14:00:00,2
2020-06-04 14:30:00,2
2020-06-11 10:30:00,1
2020-06-11 11:00:00,1
2020-06-11 11:30:00,1
2020-06-11 13:30:00,1
2020-06-11 14:00:00,1
2020-06-18 10:00:00,1
2020-06-18 10:30:00,1
2020-06-18 11:00:00,1
2020-06-18 11:30:00,1
2020-06-18 13:30:00,1
2020-06-24 14:30:00,1
2020-06-24 15:00:00,1
2020-06-29 10:00:00,1
2020-06-29 10:30:00,1
2020-06-29 11:00:00,1
2020-07-06 10:00:00,1
2020-07-06 10:30:00,1
2020-07-06 11:00:00,1
2020-07-06 11:30:00,1
2020-07-06 13:30:00,1
2020-07-15 10:30:00,2
2020-07-15 11:00:00,2
2020-07-15 11:30:00,2
2020-07-15 13:30:00,2
2020-07-15 14:00:00,2
2020-07-28 11:30:00,3
2020-07-28 13:30:00,3
2020-07-28 14:00:00,3
2020-07-28 14:30:00,3
2020-07-28 15:00:00,3
2020-08-05 11:30:00,3
2020-08-05 13:30:00,3
2020-08-05 14:00:00,3
2020-08-05 14:30:00,3
2020-08-05 15:00:00,3
2020-08-07 10:00:00,2
2020-08-07 10:30:00,2
2020-08-07 11:00:00,2
2020-08-07 11:30:00,2
2020-08-07 13:30:00,2
2020-08-11 14:30:00,2
2020-08-11 15:00:00,2
2020-08-12 10:00:00,2
2020-08-12 10:30:00,2
2020-08-12 11:00:00,2
2020-08-14 13:30:00,3
2020-08-14 14:00:00,3
2020-08-14 14:30:00,3
2020-08-14 15:00:00,3
2020-08-17 10:00:00,3
2020-08-18 10:00:00,2
2020-08-18 10:30:00,2
2020-08-18 11:00:00,2
2020-08-18 11:30:00,2
2020-08-18 13:30:00,2
2020-08-31 15:00:00,2
2020-09-01 10:00:00,2
2020-09-01 10:30:00,2
2020-09-01 11:00:00,2
2020-09-01 11:30:00,2
2020-09-02 13:30:00,3
2020-09-02 14:00:00,3
2020-09-02 14:30:00,3
2020-09-02 15:00:00,3
2020-09-03 10:00:00,3
2020-09-04 10:00:00,3
2020-09-04 10:30:00,3
2020-09-04 11:00:00,3
2020-09-04 11:30:00,3
2020-09-04 13:30:00,3
2020-09-08 10:30:00,2
2020-09-08 11:00:00,2
2020-09-08 11:30:00,2
2020-09-08 13:30:00,2
2020-09-08 14:00:00,2
2020-09-14 10:00:00,1
2020-09-14 10:30:00,1
2020-09-14 11:00:00,1
2020-09-14 11:30:00,1
2020-09-14 13:30:00,1
2020-09-18 10:00:00,1
2020-09-18 10:30:00,1
2020-09-18 11:00:00,1
2020-09-18 11:30:00,1
2020-09-18 13:30:00,1
2020-09-24 10:00:00,2
2020-09-24 10:30:00,2
2020-09-24 11:00:00,2
2020-09-24 11:30:00,2
2020-09-24 13:30:00,2
2020-09-29 10:30:00,1
2020-09-29 11:00:00,1
2020-09-29 11:30:00,1
2020-09-29 13:30:00,1
2020-09-29 14:00:00,1
2020-10-09 10:30:00,1
2020-10-09 11:00:00,1
2020-10-09 11:30:00,1
2020-10-09 13:30:00,1
2020-10-09 14:00:00,1
2020-10-19 10:30:00,3
2020-10-19 11:00:00,3
2020-10-19 11:30:00,3
2020-10-19 13:30:00,3
2020-10-19 14:00:00,3
2020-10-22 10:30:00,2
2020-10-22 11:00:00,2
2020-10-22 11:30:00,2
2020-10-22 13:30:00,2
2020-10-22 14:00:00,2
2020-10-28 10:30:00,2
2020-10-28 11:00:00,2
2020-10-28 11:30:00,2
2020-10-28 13:30:00,2
2020-10-28 14:00:00,2
2020-11-05 11:30:00,1
2020-11-05 13:30:00,1
2020-11-05 14:00:00,1
2020-11-05 14:30:00,1
2020-11-05 15:00:00,1
2020-11-10 13:30:00,2
2020-11-10 14:00:00,2
2020-11-10 14:30:00,2
2020-11-10 15:00:00,2
2020-11-11 10:00:00,2
2020-11-20 11:30:00,2
2020-11-20 13:30:00,2
2020-11-20 14:00:00,2
2020-11-20 14:30:00,2
2020-11-20 15:00:00,2
2020-11-26 10:30:00,2
2020-11-26 11:00:00,2
2020-11-26 11:30:00,2
2020-11-26 13:30:00,2
2020-11-26 14:00:00,2
2020-11-30 10:00:00,2
2020-11-30 10:30:00,2
2020-11-30 11:00:00,2
2020-11-30 11:30:00,2
2020-11-30 13:30:00,2
2020-12-02 10:00:00,1
2020-12-02 10:30:00,1
2020-12-02 11:00:00,1
2020-12-02 11:30:00,1
2020-12-02 13:30:00,1
2020-12-04 10:30:00,3
2020-12-04 11:00:00,3
2020-12-04 11:30:00,3
2020-12-04 13:30:00,3
2020-12-04 14:00:00,3
2020-12-09 13:30:00,2
2020-12-09 14:00:00,2
2020-12-09 14:30:00,2
2020-12-09 15:00:00,2
2020-12-10 10:00:00,2
2020-12-15 15:00:00,2
2020-12-16 10:00:00,2
2020-12-16 10:30:00,2
2020-12-16 11:00:00,2
2020-12-16 11:30:00,2
2020-12-21 13:30:00,2
2020-12-21 14:00:00,2
2020-12-21 14:30:00,2
2020-12-21 15:00:00,2
2020-12-22 10:00:00,2
2020-12-25 11:30:00,2
2020-12-25 13:30:00,2
2020-12-25 14:00:00,2
2020-12-25 14:30:00,2
2020-12-25 15:00:00,2
2020-12-31 11:00:00,1
2020-12-31 11:30:00,1
2020-12-31 13:30:00,1
2020-12-31 14:00:00,1
2020-12-31 14:30:00,1
2021-01-12 13:30:00,3
2021-01-12 14:00:00,3
2021-01-12 14:30:00,3
2021-01-12 15:00:00,3
2021-01-13 10:00:00,3
2021-01-18 13:30:00,1
2021-01-18 14:00:00,1
2021-01-18 14:30:00,1
2021-01-18 15:00:00,1
2021-01-19 10:00:00,1
2021-01-21 10:00:00,3
2021-01-21 10:30:00,3
2021-01-21 11:00:00,3
2021-01-21 11:30:00,3
2021-01-21 13:30:00,3
2021-01-25 10:00:00,2
2021-01-25 10:30:00,2
2021-01-25 11:00:00,2
2021-01-25 11:30:00,2
2021-01-25 13:30:00,2
2021-01-29 11:30:00,1
2021-01-29 13:30:00,1
2021-01-29 14:00:00,1
2021-01-29 14:30:00,1
2021-01-29 15:00:00,1
2021-02-02 10:30:00,2
2021-02-02 11:00:00,2
2021-02-02 11:30:00,2
2021-02-02 13:30:00,2
2021-02-02 14:00:00,2
2021-02-04 10:30:00,2
2021-02-04 11:00:00,2
2021-02-04 11:30:00,2
2021-02-04 13:30:00,2
2021-02-04 14:00:00,2
2021-02-10 14:00:00,1
2021-02-10 14:30:00,1
2021-02-10 15:00:00,1
2021-02-18 10:00:00,1
2021-02-18 10:30:00,1
2021-02-22 10:30:00,3
2021-02-22 11:00:00,3
2021-02-22 11:30:00,3
2021-02-22 13:30:00,3
2021-02-22 14:00:00,3
2021-03-03 10:30:00,3
2021-03-03 11:00:00,3
2021-03-03 11:30:00,3
2021-03-03 13:30:00,3
2021-03-03 14:00:00,3
2021-03-04 10:30:00,2
2021-03-04 11:00:00,2
2021-03-04 11:30:00,2
2021-03-04 13:30:00,2
2021-03-04 14:00:00,2
2021-03-09 10:30:00,2
2021-03-09 11:00:00,2
2021-03-09 11:30:00,2
2021-03-09 13:30:00,2
2021-03-09 14:00:00,2
2021-03-17 11:30:00,3
2021-03-17 13:30:00,3
2021-03-17 14:00:00,3
2021-03-17 14:30:00,3
2021-03-17 15:00:00,3
2021-03-31 10:30:00,3
2021-03-31 11:00:00,3
2021-03-31 11:30:00,3
2021-03-31 13:30:00,3
2021-03-31 14:00:00,3
2021-04-09 10:00:00,2
2021-04-09 10:30:00,2
2021-04-09 11:00:00,2
2021-04-09 11:30:00,2
2021-04-09 13:30:00,2
2021-04-16 10:00:00,1
2021-04-16 10:30:00,1
2021-04-16 11:00:00,1
2021-04-16 11:30:00,1
2021-04-16 13:30:00,1
2021-04-26 14:00:00,2
2021-04-26 14:30:00,2
2021-04-26 15:00:00,2
2021-04-27 10:00:00,2
2021-04-27 10:30:00,2
2021-04-29 14:30:00,2
2021-04-29 15:00:00,2
2021-04-30 10:00:00,2
2021-04-30 10:30:00,2
2021-04-30 11:00:00,2
2021-05-10 10:30:00,2
2021-05-10 11:00:00,2
2021-05-10 11:30:00,2
2021-05-10 13:30:00,2
2021-05-10 14:00:00,2
2021-05-17 10:30:00,1
2021-05-17 11:00:00,1
2021-05-17 11:30:00,1
2021-05-17 13:30:00,1
2021-05-17 14:00:00,1
2021-05-25 10:00:00,1
2021-05-25 10:30:00,1
2021-05-25 11:00:00,1
2021-05-25 11:30:00,1
2021-05-25 13:30:00,1
2021-05-28 10:30:00,1
2021-05-28 11:00:00,1
2021-05-28 11:30:00,1
2021-05-28 13:30:00,1
2021-05-28 14:00:00,1
2021-06-03 10:00:00,1
2021-06-03 10:30:00,1
2021-06-03 11:00:00,1
2021-06-03 11:30:00,1
2021-06-03 13:30:00,1
2021-06-07 11:30:00,3
2021-06-07 13:30:00,3
2021-06-07 14:00:00,3
2021-06-07 14:30:00,3
2021-06-07 15:00:00,3
2021-06-10 11:30:00,3
2021-06-10 13:30:00,3
2021-06-10 14:00:00,3
2021-06-10 14:30:00,3
2021-06-10 15:00:00,3
2021-06-24 13:30:00,2
2021-06-24 14:00:00,2
2021-06-24 14:30:00,2
2021-06-24 15:00:00,2
2021-06-25 10:00:00,2
2021-07-01 10:00:00,2
2021-07-01 10:30:00,2
2021-07-01 11:00:00,2
2021-07-01 11:30:00,2
2021-07-01 13:30:00,2
2021-07-12 11:00:00,1
2021-07-12 11:30:00,1
2021-07-12 13:30:00,1
2021-07-12 14:00:00,1
2021-07-12 14:30:00,1
2021-07-19 13:30:00,1
2021-07-19 14:00:00,1
2021-07-19 14:30:00,1
2021-07-19 15:00:00,1
2021-07-20 10:00:00,1
2021-07-22 11:30:00,1
2021-07-22 13:30:00,1
2021-07-22 14:00:00,1
2021-07-22 14:30:00,1
2021-07-22 15:00:00,1
2021-08-05 10:30:00,3
2021-08-05 11:00:00,3
2021-08-05 11:30:00,3
2021-08-05 13:30:00,3
2021-08-05 14:00:00,3
2021-08-09 10:30:00,2
2021-08-09 11:00:00,2
2021-08-09 11:30:00,2
2021-08-09 13:30:00,2
2021-08-09 14:00:00,2
2021-08-19 14:00:00,1
2021-08-19 14:30:00,1
2021-08-19 15:00:00,1
2021-08-20 10:00:00,1
2021-08-20 10:30:00,1
2021-08-23 11:00:00,3
2021-08-23 11:30:00,3
2021-08-23 13:30:00,3
2021-08-23 14:00:00,3
2021-08-23 14:30:00,3
2021-08-26 10:30:00,2
2021-08-26 11:00:00,2
2021-08-26 11:30:00,2
2021-08-26 13:30:00,2
2021-08-26 14:00:00,2
2021-08-31 10:30:00,2
2021-08-31 11:00:00,2
2021-08-31 11:30:00,2
2021-08-31 13:30:00,2
2021-08-31 14:00:00,2
2021-09-03 11:00:00,1
2021-09-03 11:30:00,1
2021-09-03 13:30:00,1
2021-09-03 14:00:00,1
2021-09-03 14:30:00,1
2021-09-08 11:00:00,1
2021-09-08 11:30:00,1
2021-09-08 13:30:00,1
2021-09-08 14:00:00,1
2021-09-08 14:30:00,1
2021-09-13 10:00:00,2
2021-09-13 10:30:00,2
2021-09-13 11:00:00,2
2021-09-13 11:30:00,2
2021-09-13 13:30:00,2
2021-09-17 11:00:00,2
2021-09-17 11:30:00,2
2021-09-17 13:30:00,2
2021-09-17 14:00:00,2
2021-09-17 14:30:00,2
2021-09-30 10:00:00,3
2021-09-30 10:30:00,3
2021-09-30 11:00:00,3
2021-09-30 11:30:00,3
2021-09-30 13:30:00,3
2021-10-11 13:30:00,1
2021-10-11 14:00:00,1
2021-10-11 14:30:00,1
2021-10-11 15:00:00,1
2021-10-12 10:00:00,1
2021-10-14 10:30:00,3
2021-10-14 11:00:00,3
2021-10-14 11:30:00,3
2021-10-14 13:30:00,3
2021-10-14 14:00:00,3
2021-10-18 10:30:00,2
2021-10-18 11:00:00,2
2021-10-18 11:30:00,2
2021-10-18 13:30:00,2
2021-10-18 14:00:00,2
2021-10-27 10:00:00,2
2021-10-27 10:30:00,2
2021-10-27 11:00:00,2
2021-10-27 11:30:00,2
2021-10-27 13:30:00,2
2021-11-10 15:00:00,1
2021-11-11 10:00:00,1
2021-11-11 10:30:00,1
2021-11-11 11:00:00,1
2021-11-11 11:30:00,1
2021-11-23 10:30:00,1
2021-11-23 11:00:00,1
2021-11-23 11:30:00,1
2021-11-23 13:30:00,1
2021-11-23 14:00:00,1
2021-11-26 10:30:00,2
2021-11-26 11:00:00,2
2021-11-26 11:30:00,2
2021-11-26 13:30:00,2
2021-11-26 14:00:00,2
2021-11-30 11:30:00,3
2021-11-30 13:30:00,3
2021-11-30 14:00:00,3
2021-11-30 14:30:00,3
2021-11-30 15:00:00,3
2021-12-01 15:00:00,3
2021-12-02 10:00:00,3
2021-12-02 10:30:00,3
2021-12-02 11:00:00,3
2021-12-02 11:30:00,3
2021-12-07 10:30:00,2
2021-12-07 11:00:00,2
2021-12-07 11:30:00,2
2021-12-07 13:30:00,2
2021-12-07 14:00:00,2
2021-12-15 10:30:00,1
2021-12-15 11:00:00,1
2021-12-15 11:30:00,1
2021-12-15 13:30:00,1
2021-12-15 14:00:00,1
2021-12-17 10:30:00,2
2021-12-17 11:00:00,2
2021-12-17 11:30:00,2
2021-12-17 13:30:00,2
2021-12-17 14:00:00,2
2021-12-21 10:00:00,1
2021-12-21 10:30:00,1
2021-12-21 11:00:00,1
2021-12-21 11:30:00,1
2021-12-21 13:30:00,1
2021-12-27 10:00:00,1
2021-12-27 10:30:00,1
2021-12-27 11:00:00,1
2021-12-27 11:30:00,1
2021-12-27 13:30:00,1
2021-12-30 10:30:00,3
2021-12-30 11:00:00,3
2021-12-30 11:30:00,3
2021-12-30 13:30:00,3
2021-12-30 14:00:00,3
2022-01-06 13:30:00,3
2022-01-06 14:00:00,3
2022-01-06 14:30:00,3
2022-01-06 15:00:00,3
2022-01-07 10:00:00,3
2022-01-12 10:30:00,2
2022-01-12 11:00:00,2
2022-01-12 11:30:00,2
2022-01-12 13:30:00,2
2022-01-12 14:00:00,2
2022-01-17 10:00:00,1
2022-01-17 10:30:00,1
2022-01-17 11:00:00,1
2022-01-17 11:30:00,1
2022-01-17 13:30:00,1
2022-01-20 10:00:00,3
2022-01-20 10:30:00,3
2022-01-20 11:00:00,3
2022-01-20 11:30:00,3
2022-01-20 13:30:00,3
2022-01-26 10:30:00,2
2022-01-26 11:00:00,2
2022-01-26 11:30:00,2
2022-01-26 13:30:00,2
2022-01-26 14:00:00,2
2022-02-09 11:00:00,1
2022-02-09 11:30:00,1
2022-02-09 13:30:00,1
2022-02-09 14:00:00,1
2022-02-09 14:30:00,1
2022-02-15 10:30:00,1
2022-02-15 11:00:00,1
2022-02-15 11:30:00,1
2022-02-15 13:30:00,1
2022-02-15 14:00:00,1
2022-02-18 11:00:00,1
2022-02-18 11:30:00,1
2022-02-18 13:30:00,1
2022-02-18 14:00:00,1
2022-02-18 14:30:00,1
2022-02-24 14:00:00,2
2022-02-24 14:30:00,2
2022-02-24 15:00:00,2
2022-02-25 10:00:00,2
2022-02-25 10:30:00,2
2022-03-02 10:00:00,2
2022-03-02 10:30:00,2
2022-03-02 11:00:00,2
2022-03-02 11:30:00,2
2022-03-02 13:30:00,2
2022-03-11 10:00:00,2
2022-03-11 10:30:00,2
2022-03-11 11:00:00,2
2022-03-11 11:30:00,2
2022-03-11 13:30:00,2
2022-03-18 11:00:00,3
2022-03-18 11:30:00,3
2022-03-18 13:30:00,3
2022-03-18 14:00:00,3
2022-03-18 14:30:00,3
2022-03-28 14:00:00,3
2022-03-28 14:30:00,3
2022-03-28 15:00:00,3
2022-03-29 10:00:00,3
2022-03-29 10:30:00,3
2022-03-30 10:00:00,3
2022-03-30 10:30:00,3
2022-03-30 11:00:00,3
2022-03-30 11:30:00,3
2022-03-30 13:30:00,3
2022-04-06 10:30:00,2
2022-04-06 11:00:00,2
2022-04-06 11:30:00,2
2022-04-06 13:30:00,2
2022-04-06 14:00:00,2
2022-04-15 11:00:00,3
2022-04-15 11:30:00,3
2022-04-15 13:30:00,3
2022-04-15 14:00:00,3
2022-04-15 14:30:00,3
2022-04-19 10:30:00,1
2022-04-19 11:00:00,1
2022-04-19 11:30:00,1
2022-04-19 13:30:00,1
2022-04-19 14:00:00,1
2022-04-21 14:00:00,2
2022-04-21 14:30:00,2
2022-04-21 15:00:00,2
2022-04-22 10:00:00,2
2022-04-22 10:30:00,2
2022-05-09 10:30:00,3
2022-05-09 11:00:00,3
2022-05-09 11:30:00,3
2022-05-09 13:30:00,3
2022-05-09 14:00:00,3
2022-05-11 14:00:00,1
2022-05-11 14:30:00,1
2022-05-11 15:00:00,1
2022-05-12 10:00:00,1
2022-05-12 10:30:00,1
2022-05-16 10:00:00,3
2022-05-16 10:30:00,3
2022-05-16 11:00:00,3
2022-05-16 11:30:00,3
2022-05-16 13:30:00,3
2022-05-19 15:00:00,3
2022-05-20 10:00:00,3
2022-05-20 10:30:00,3
2022-05-20 11:00:00,3
2022-05-20 11:30:00,3
2022-05-24 11:30:00,2
2022-05-24 13:30:00,2
2022-05-24 14:00:00,2
2022-05-24 14:30:00,2
2022-05-24 15:00:00,2
2022-05-31 11:00:00,1
2022-05-31 11:30:00,1
2022-05-31 13:30:00,1
2022-05-31 14:00:00,1
2022-05-31 14:30:00,1
2022-06-08 13:30:00,2
2022-06-08 14:00:00,2
2022-06-08 14:30:00,2
2022-06-08 15:00:00,2
2022-06-09 10:00:00,2
2022-06-10 11:30:00,1
2022-06-10 13:30:00,1
2022-06-10 14:00:00,1
2022-06-10 14:30:00,1
2022-06-10 15:00:00,1
2022-06-15 10:00:00,1
2022-06-15 10:30:00,1
2022-06-15 11:00:00,1
2022-06-15 11:30:00,1
2022-06-15 13:30:00,1
2022-06-21 13:30:00,2
2022-06-21 14:00:00,2
2022-06-21 14:30:00,2
2022-06-21 15:00:00,2
2022-06-22 10:00:00,2
2022-06-24 10:30:00,3
2022-06-24 11:00:00,3
2022-06-24 11:30:00,3
2022-06-24 13:30:00,3
2022-06-24 14:00:00,3
2022-07-01 10:00:00,2
2022-07-01 10:30:00,2
2022-07-01 11:00:00,2
2022-07-01 11:30:00,2
2022-07-01 13:30:00,2
2022-07-06 15:00:00,3
2022-07-07 10:00:00,3
2022-07-07 10:30:00,3
2022-07-07 11:00:00,3
2022-07-07 11:30:00,3
2022-07-11 10:30:00,2
2022-07-11 11:00:00,2
2022-07-11 11:30:00,2
2022-07-11 13:30:00,2
2022-07-11 14:00:00,2
2022-07-14 10:00:00,1
2022-07-14 10:30:00,1
2022-07-14 11:00:00,1
2022-07-14 11:30:00,1
2022-07-14 13:30:00,1
2022-07-26 13:30:00,3
2022-07-26 14:00:00,3
2022-07-26 14:30:00,3
2022-07-26 15:00:00,3
2022-07-27 10:00:00,3
2022-07-27 11:30:00,1
2022-07-27 13:30:00,1
2022-07-27 14:00:00,1
2022-07-27 14:30:00,1
2022-07-27 15:00:00,1
2022-08-04 15:00:00,1
2022-08-05 10:00:00,1
2022-08-05 10:30:00,1
2022-08-05 11:00:00,1
2022-08-05 11:30:00,1
2022-08-16 14:00:00,3
2022-08-16 14:30:00,3
2022-08-16 15:00:00,3
2022-08-17 10:00:00,3
2022-08-17 10:30:00,3
2022-08-19 10:30:00,2
2022-08-19 11:00:00,2
2022-08-19 11:30:00,2
2022-08-19 13:30:00,2
2022-08-19 14:00:00,2
2022-08-26 10:30:00,2
2022-08-26 11:00:00,2
2022-08-26 11:30:00,2
2022-08-26 13:30:00,2
2022-08-26 14:00:00,2
2022-08-31 10:00:00,2
2022-08-31 10:30:00,2
2022-08-31 11:00:00,2
2022-08-31 11:30:00,2
2022-08-31 13:30:00,2
2022-09-15 11:00:00,2
2022-09-15 11:30:00,2
2022-09-15 13:30:00,2
2022-09-15 14:00:00,2
2022-09-15 14:30:00,2
2022-09-22 10:30:00,3
2022-09-22 11:00:00,3
2022-09-22 11:30:00,3
2022-09-22 13:30:00,3
2022-09-22 14:00:00,3
2022-09-23 10:30:00,2
2022-09-23 11:00:00,2
2022-09-23 11:30:00,2
2022-09-23 13:30:00,2
2022-09-23 14:00:00,2
2022-09-27 10:30:00,3
2022-09-27 11:00:00,3
2022-09-27 11:30:00,3
2022-09-27 13:30:00,3
2022-09-27 14:00:00,3
2022-09-30 13:30:00,2
2022-09-30 14:00:00,2
2022-09-30 14:30:00,2
2022-09-30 15:00:00,2
2022-10-10 10:00:00,2
2022-10-12 15:00:00,1
2022-10-13 10:00:00,1
2022-10-13 10:30:00,1
2022-10-13 11:00:00,1
2022-10-13 11:30:00,1
2022-10-21 10:00:00,3
2022-10-21 10:30:00,3
2022-10-21 11:00:00,3
2022-10-21 11:30:00,3
2022-10-21 13:30:00,3
2022-10-26 10:00:00,1
2022-10-26 10:30:00,1
2022-10-26 11:00:00,1
2022-10-26 11:30:00,1
2022-10-26 13:30:00,1
2022-10-31 10:00:00,1
2022-10-31 10:30:00,1
2022-10-31 11:00:00,1
2022-10-31 11:30:00,1
2022-10-31 13:30:00,1
2022-11-09 10:30:00,3
2022-11-09 11:00:00,3
2022-11-09 11:30:00,3
2022-11-09 13:30:00,3
2022-11-09 14:00:00,3
2022-11-11 14:00:00,3
2022-11-11 14:30:00,3
2022-11-11 15:00:00,3
2022-11-14 10:00:00,3
2022-11-14 10:30:00,3
2022-11-15 10:30:00,1
2022-11-15 11:00:00,1
2022-11-15 11:30:00,1
2022-11-15 13:30:00,1
2022-11-15 14:00:00,1
2022-11-24 15:00:00,2
2022-11-25 10:00:00,2
2022-11-25 10:30:00,2
2022-11-25 11:00:00,2
2022-11-25 11:30:00,2
2022-12-05 10:00:00,2
2022-12-05 10:30:00,2
2022-12-05 11:00:00,2
2022-12-05 11:30:00,2
2022-12-05 13:30:00,2
2022-12-13 10:00:00,2
2022-12-13 10:30:00,2
2022-12-13 11:00:00,2
2022-12-13 11:30:00,2
2022-12-13 13:30:00,2
2022-12-15 11:00:00,3
2022-12-15 11:30:00,3
2022-12-15 13:30:00,3
2022-12-15 14:00:00,3
2022-12-15 14:30:00,3
2022-12-16 10:30:00,2
2022-12-16 11:00:00,2
2022-12-16 11:30:00,2
2022-12-16 13:30:00,2
2022-12-16 14:00:00,2
2022-12-20 10:00:00,2
2022-12-20 10:30:00,2
2022-12-20 11:00:00,2
2022-12-20 11:30:00,2
2022-12-20 13:30:00,2
2022-12-29 14:00:00,1
2022-12-29 14:30:00,1
2022-12-29 15:00:00,1
2022-12-30 10:00:00,1
2022-12-30 10:30:00,1
2023-01-10 15:00:00,3
2023-01-11 10:00:00,3
2023-01-11 10:30:00,3
2023-01-11 11:00:00,3
2023-01-11 11:30:00,3
2023-01-12 10:30:00,3
2023-01-12 11:00:00,3
2023-01-12 11:30:00,3
2023-01-12 13:30:00,3
2023-01-12 14:00:00,3
2023-01-16 10:00:00,1
2023-01-16 10:30:00,1
2023-01-16 11:00:00,1
2023-01-16 11:30:00,1
2023-01-16 13:30:00,1
2023-02-01 11:00:00,1
2023-02-01 11:30:00,1
2023-02-01 13:30:00,1
2023-02-01 14:00:00,1
2023-02-01 14:30:00,1
2023-02-07 10:30:00,1
2023-02-07 11:00:00,1
2023-02-07 11:30:00,1
2023-02-07 13:30:00,1
2023-02-07 14:00:00,1
2023-02-10 10:30:00,1
2023-02-10 11:00:00,1
2023-02-10 11:30:00,1
2023-02-10 13:30:00,1
2023-02-10 14:00:00,1
2023-02-14 10:30:00,3
2023-02-14 11:00:00,3
2023-02-14 11:30:00,3
2023-02-14 13:30:00,3
2023-02-14 14:00:00,3
2023-02-20 15:00:00,3
2023-02-21 10:00:00,3
2023-02-21 10:30:00,3
2023-02-21 11:00:00,3
2023-02-21 11:30:00,3
2023-02-22 10:30:00,3
2023-02-22 11:00:00,3
2023-02-22 11:30:00,3
2023-02-22 13:30:00,3
2023-02-22 14:00:00,3
2023-02-28 10:30:00,1
2023-02-28 11:00:00,1
2023-02-28 11:30:00,1
2023-02-28 13:30:00,1
2023-02-28 14:00:00,1
2023-03-06 14:00:00,2
2023-03-06 14:30:00,2
2023-03-06 15:00:00,2
2023-03-07 10:00:00,2
2023-03-07 10:30:00,2
2023-03-14 11:30:00,2
2023-03-14 13:30:00,2
2023-03-14 14:00:00,2
2023-03-14 14:30:00,2
2023-03-14 15:00:00,2
2023-03-17 10:00:00,1
2023-03-17 10:30:00,1
2023-03-17 11:00:00,1
2023-03-17 11:30:00,1
2023-03-17 13:30:00,1
2023-03-23 10:30:00,1
2023-03-23 11:00:00,1
2023-03-23 11:30:00,1
2023-03-23 13:30:00,1
2023-03-23 14:00:00,1
2023-04-06 10:30:00,1
2023-04-06 11:00:00,1
2023-04-06 11:30:00,1
2023-04-06 13:30:00,1
2023-04-06 14:00:00,1
2023-04-11 15:00:00,3
2023-04-12 10:00:00,3
2023-04-12 10:30:00,3
2023-04-12 11:00:00,3
2023-04-12 11:30:00,3
2023-04-18 13:30:00,1
2023-04-18 14:00:00,1
2023-04-18 14:30:00,1
2023-04-18 15:00:00,1
2023-04-19 10:00:00,1
2023-04-25 10:00:00,3
2023-04-25 10:30:00,3
2023-04-25 11:00:00,3
2023-04-25 11:30:00,3
2023-04-25 13:30:00,3
2023-04-27 10:30:00,2
2023-04-27 11:00:00,2
2023-04-27 11:30:00,2
2023-04-27 13:30:00,2
2023-04-27 14:00:00,2
2023-05-04 10:00:00,2
2023-05-04 10:30:00,2
2023-05-04 11:00:00,2
2023-05-04 11:30:00,2
2023-05-04 13:30:00,2
2023-05-17 10:00:00,3
2023-05-17 10:30:00,3
2023-05-17 11:00:00,3
2023-05-17 11:30:00,3
2023-05-17 13:30:00,3
2023-05-19 11:00:00,2
2023-05-19 11:30:00,2
2023-05-19 13:30:00,2
2023-05-19 14:00:00,2
2023-05-19 14:30:00,2
2023-05-24 15:00:00,1
2023-05-25 10:00:00,1
2023-05-25 10:30:00,1
2023-05-25 11:00:00,1
2023-05-25 11:30:00,1
2023-06-05 11:00:00,3
2023-06-05 11:30:00,3
2023-06-05 13:30:00,3
2023-06-05 14:00:00,3
2023-06-05 14:30:00,3
2023-06-09 11:30:00,1
2023-06-09 13:30:00,1
2023-06-09 14:00:00,1
2023-06-09 14:30:00,1
2023-06-09 15:00:00,1
2023-06-19 10:30:00,1
2023-06-19 11:00:00,1
2023-06-19 11:30:00,1
2023-06-19 13:30:00,1
2023-06-19 14:00:00,1
2023-06-21 10:30:00,2
2023-06-21 11:00:00,2
2023-06-21 11:30:00,2
2023-06-21 13:30:00,2
2023-06-21 14:00:00,2
2023-06-28 10:30:00,2
2023-06-28 11:00:00,2
2023-06-28 11:30:00,2
2023-06-28 13:30:00,2
2023-06-28 14:00:00,2
2023-06-29 14:30:00,1
2023-06-29 15:00:00,1
2023-06-30 10:00:00,1
2023-06-30 10:30:00,1
2023-06-30 11:00:00,1
2023-07-06 11:30:00,3
2023-07-06 13:30:00,3
2023-07-06 14:00:00,3
2023-07-06 14:30:00,3
2023-07-06 15:00:00,3
2023-07-14 10:00:00,1
2023-07-14 10:30:00,1
2023-07-14 11:00:00,1
2023-07-14 11:30:00,1
2023-07-14 13:30:00,1
2023-07-18 14:00:00,2
2023-07-18 14:30:00,2
2023-07-18 15:00:00,2
2023-07-19 10:00:00,2
2023-07-19 10:30:00,2
2023-07-21 10:30:00,2
2023-07-21 11:00:00,2
2023-07-21 11:30:00,2
2023-07-21 13:30:00,2
2023-07-21 14:00:00,2
2023-07-26 13:30:00,2
2023-07-26 14:00:00,2
2023-07-26 14:30:00,2
2023-07-26 15:00:00,2
2023-07-27 10:00:00,2
2023-08-01 14:30:00,1
2023-08-01 15:00:00,1
2023-08-02 10:00:00,1
2023-08-02 10:30:00,1
2023-08-02 11:00:00,1
2023-08-08 13:30:00,2
2023-08-08 14:00:00,2
2023-08-08 14:30:00,2
2023-08-08 15:00:00,2
2023-08-09 10:00:00,2
2023-08-18 10:30:00,2
2023-08-18 11:00:00,2
2023-08-18 11:30:00,2
2023-08-18 13:30:00,2
2023-08-18 14:00:00,2
2023-08-24 14:00:00,2
2023-08-24 14:30:00,2
2023-08-24 15:00:00,2
2023-08-25 10:00:00,2
2023-08-25 10:30:00,2
2023-08-29 15:00:00,3
2023-08-30 10:00:00,3
2023-08-30 10:30:00,3
2023-08-30 11:00:00,3
2023-08-30 11:30:00,3
2023-08-31 13:30:00,3
2023-08-31 14:00:00,3
2023-08-31 14:30:00,3
2023-08-31 15:00:00,3
2023-09-01 10:00:00,3
2023-09-11 10:00:00,1
2023-09-11 10:30:00,1
2023-09-11 11:00:00,1
2023-09-11 11:30:00,1
2023-09-11 13:30:00,1
2023-09-13 10:00:00,2
2023-09-13 10:30:00,2
2023-09-13 11:00:00,2
2023-09-13 11:30:00,2
2023-09-13 13:30:00,2
2023-09-26 10:00:00,1
2023-09-26 10:30:00,1
2023-09-26 11:00:00,1
2023-09-26 11:30:00,1
2023-09-26 13:30:00,1
2023-10-09 15:00:00,3
2023-10-10 10:00:00,3
2023-10-10 10:30:00,3
2023-10-10 11:00:00,3
2023-10-10 11:30:00,3
2023-10-12 11:00:00,2
2023-10-12 11:30:00,2
2023-10-12 13:30:00,2
2023-10-12 14:00:00,2
2023-10-12 14:30:00,2
2023-10-23 10:30:00,2
2023-10-23 11:00:00,2
2023-10-23 11:30:00,2
2023-10-23 13:30:00,2
2023-10-23 14:00:00,2
2023-10-30 11:00:00,3
2023-10-30 11:30:00,3
2023-10-30 13:30:00,3
2023-10-30 14:00:00,3
2023-10-30 14:30:00,3
2023-10-31 10:30:00,2
2023-10-31 11:00:00,2
2023-10-31 11:30:00,2
2023-10-31 13:30:00,2
2023-10-31 14:00:00,2
2023-11-03 11:30:00,1
2023-11-03 13:30:00,1
2023-11-03 14:00:00,1
2023-11-03 14:30:00,1
2023-11-03 15:00:00,1
2023-11-07 15:00:00,1
2023-11-08 10:00:00,1
2023-11-08 10:30:00,1
2023-11-08 11:00:00,1
2023-11-08 11:30:00,1
2023-11-13 10:30:00,1
2023-11-13 11:00:00,1
2023-11-13 11:30:00,1
2023-11-13 13:30:00,1
2023-11-13 14:00:00,1
2023-11-17 14:30:00,1
2023-11-17 15:00:00,1
2023-11-20 10:00:00,1
2023-11-20 10:30:00,1
2023-11-20 11:00:00,1
2023-11-22 10:00:00,2
2023-11-22 10:30:00,2
2023-11-22 11:00:00,2
2023-11-22 11:30:00,2
2023-11-22 13:30:00,2
2023-11-24 10:30:00,3
2023-11-24 11:00:00,3
2023-11-24 11:30:00,3
2023-11-24 13:30:00,3
2023-11-24 14:00:00,3
2023-11-30 11:00:00,3
2023-11-30 11:30:00,3
2023-11-30 13:30:00,3
2023-11-30 14:00:00,3
2023-11-30 14:30:00,3
2023-12-01 10:00:00,1
2023-12-01 10:30:00,1
2023-12-01 11:00:00,1
2023-12-01 11:30:00,1
2023-12-01 13:30:00,1
2023-12-07 10:00:00,1
2023-12-07 10:30:00,1
2023-12-07 11:00:00,1
2023-12-07 11:30:00,1
2023-12-07 13:30:00,1
2023-12-13 10:30:00,3
2023-12-13 11:00:00,3
2023-12-13 11:30:00,3
2023-12-13 13:30:00,3
2023-12-13 14:00:00,3
2023-12-26 10:00:00,2
2023-12-26 10:30:00,2
2023-12-26 11:00:00,2
2023-12-26 11:30:00,2
2023-12-26 13:30:00,2
2023-12-28 10:30:00,3
2023-12-28 11:00:00,3
2023-12-28 11:30:00,3
2023-12-28 13:30:00,3
2023-12-28 14:00:00,3
2024-01-02 14:00:00,2
2024-01-02 14:30:00,2
2024-01-02 15:00:00,2
2024-01-03 10:00:00,2
2024-01-03 10:30:00,2
2024-01-05 10:30:00,2
2024-01-05 11:00:00,2
2024-01-05 11:30:00,2
2024-01-05 13:30:00,2
2024-01-05 14:00:00,2
2024-01-09 14:30:00,3
2024-01-09 15:00:00,3
2024-01-10 10:00:00,3
2024-01-10 10:30:00,3
2024-01-10 11:00:00,3
2024-01-15 13:30:00,1
2024-01-15 14:00:00,1
2024-01-15 14:30:00,1
2024-01-15 15:00:00,1
2024-01-16 10:00:00,1
2024-01-29 10:30:00,2
2024-01-29 11:00:00,2
2024-01-29 11:30:00,2
2024-01-29 13:30:00,2
2024-01-29 14:00:00,2
2024-02-05 11:30:00,3
2024-02-05 13:30:00,3
2024-02-05 14:00:00,3
2024-02-05 14:30:00,3
2024-02-05 15:00:00,3
2024-02-06 10:30:00,1
2024-02-06 11:00:00,1
2024-02-06 11:30:00,1
2024-02-06 13:30:00,1
2024-02-06 14:00:00,1
2024-02-08 10:30:00,1
2024-02-08 11:00:00,1
2024-02-08 11:30:00,1
2024-02-08 13:30:00,1
2024-02-08 14:00:00,1
2024-02-22 13:30:00,3
2024-02-22 14:00:00,3
2024-02-22 14:30:00,3
2024-02-22 15:00:00,3
2024-02-23 10:00:00,3
2024-03-01 10:00:00,1
2024-03-01 10:30:00,1
2024-03-01 11:00:00,1
2024-03-01 11:30:00,1
2024-03-01 13:30:00,1
2024-03-07 15:00:00,3
2024-03-08 10:00:00,3
2024-03-08 10:30:00,3
2024-03-08 11:00:00,3
2024-03-08 11:30:00,3
2024-03-11 11:00:00,3
2024-03-11 11:30:00,3
2024-03-11 13:30:00,3
2024-03-11 14:00:00,3
2024-03-11 14:30:00,3
2024-03-12 11:00:00,3
2024-03-12 11:30:00,3
2024-03-12 13:30:00,3
2024-03-12 14:00:00,3
2024-03-12 14:30:00,3
2024-03-15 15:00:00,1
2024-03-18 10:00:00,1
2024-03-18 10:30:00,1
2024-03-18 11:00:00,1
2024-03-18 11:30:00,1
2024-03-21 13:30:00,3
2024-03-21 14:00:00,3
2024-03-21 14:30:00,3
2024-03-21 15:00:00,3
2024-03-22 10:00:00,3
2024-03-26 15:00:00,2
2024-03-27 10:00:00,2
2024-03-27 10:30:00,2
2024-03-27 11:00:00,2
2024-03-27 11:30:00,2
2024-04-09 11:00:00,2
2024-04-09 11:30:00,2
2024-04-09 13:30:00,2
2024-04-09 14:00:00,2
2024-04-09 14:30:00,2
2024-04-12 11:30:00,1
2024-04-12 13:30:00,1
2024-04-12 14:00:00,1
2024-04-12 14:30:00,1
2024-04-12 15:00:00,1
2024-04-19 11:00:00,2
2024-04-19 11:30:00,2
2024-04-19 13:30:00,2
2024-04-19 14:00:00,2
2024-04-19 14:30:00,2
2024-04-24 10:30:00,1
2024-04-24 11:00:00,1
2024-04-24 11:30:00,1
2024-04-24 13:30:00,1
2024-04-24 14:00:00,1
2024-04-26 10:30:00,1
2024-04-26 11:00:00,1
2024-04-26 11:30:00,1
2024-04-26 13:30:00,1
2024-04-26 14:00:00,1
2024-05-06 10:00:00,3
2024-05-06 10:30:00,3
2024-05-06 11:00:00,3
2024-05-06 11:30:00,3
2024-05-06 13:30:00,3
2024-05-09 10:30:00,3
2024-05-09 11:00:00,3
2024-05-09 11:30:00,3
2024-05-09 13:30:00,3
2024-05-09 14:00:00,3
2024-05-16 10:00:00,1
2024-05-16 10:30:00,1
2024-05-16 11:00:00,1
2024-05-16 11:30:00,1
2024-05-16 13:30:00,1
2024-05-29 10:30:00,3
2024-05-29 11:00:00,3
2024-05-29 11:30:00,3
2024-05-29 13:30:00,3
2024-05-29 14:00:00,3
2024-05-30 11:00:00,3
2024-05-30 11:30:00,3
2024-05-30 13:30:00,3
2024-05-30 14:00:00,3
2024-05-30 14:30:00,3
2024-06-03 10:30:00,1
2024-06-03 11:00:00,1
2024-06-03 11:30:00,1
2024-06-03 13:30:00,1
2024-06-03 14:00:00,1
2024-06-12 11:00:00,3
2024-06-12 11:30:00,3
2024-06-12 13:30:00,3
2024-06-12 14:00:00,3
2024-06-12 14:30:00,3
2024-06-13 10:00:00,1
2024-06-13 10:30:00,1
2024-06-13 11:00:00,1
2024-06-13 11:30:00,1
2024-06-13 13:30:00,1
2024-06-18 10:30:00,1
2024-06-18 11:00:00,1
2024-06-18 11:30:00,1
2024-06-18 13:30:00,1
2024-06-18 14:00:00,1
2024-07-01 15:00:00,1
2024-07-02 10:00:00,1
2024-07-02 10:30:00,1
2024-07-02 11:00:00,1
2024-07-02 11:30:00,1
2024-07-05 15:00:00,1
2024-07-08 10:00:00,1
2024-07-08 10:30:00,1
2024-07-08 11:00:00,1
2024-07-08 11:30:00,1
2024-07-11 10:30:00,2
2024-07-11 11:00:00,2
2024-07-11 11:30:00,2
2024-07-11 13:30:00,2
2024-07-11 14:00:00,2
2024-07-17 11:30:00,2
2024-07-17 13:30:00,2
2024-07-17 14:00:00,2
2024-07-17 14:30:00,2
2024-07-17 15:00:00,2
2024-07-25 10:30:00,2
2024-07-25 11:00:00,2
2024-07-25 11:30:00,2
2024-07-25 13:30:00,2
2024-07-25 14:00:00,2
2024-08-05 10:30:00,2
2024-08-05 11:00:00,2
2024-08-05 11:30:00,2
2024-08-05 13:30:00,2
2024-08-05 14:00:00,2
2024-08-09 13:30:00,1
2024-08-09 14:00:00,1
2024-08-09 14:30:00,1
2024-08-09 15:00:00,1
2024-08-12 10:00:00,1
2024-08-14 14:00:00,3
2024-08-14 14:30:00,3
2024-08-14 15:00:00,3
2024-08-15 10:00:00,3
2024-08-15 10:30:00,3
2024-08-16 10:00:00,1
2024-08-16 10:30:00,1
2024-08-16 11:00:00,1
2024-08-16 11:30:00,1
2024-08-16 13:30:00,1
2024-08-22 11:30:00,3
2024-08-22 13:30:00,3
2024-08-22 14:00:00,3
2024-08-22 14:30:00,3
2024-08-22 15:00:00,3
2024-08-30 15:00:00,2
2024-09-02 10:00:00,2
2024-09-02 10:30:00,2
2024-09-02 11:00:00,2
2024-09-02 11:30:00,2
2024-09-09 15:00:00,1
2024-09-10 10:00:00,1
2024-09-10 10:30:00,1
2024-09-10 11:00:00,1
2024-09-10 11:30:00,1
2024-09-12 10:30:00,1
2024-09-12 11:00:00,1
2024-09-12 11:30:00,1
2024-09-12 13:30:00,1
2024-09-12 14:00:00,1
2024-09-19 10:00:00,2
2024-09-19 10:30:00,2
2024-09-19 11:00:00,2
2024-09-19 11:30:00,2
2024-09-19 13:30:00,2
2024-09-23 10:30:00,3
2024-09-23 11:00:00,3
2024-09-23 11:30:00,3
2024-09-23 13:30:00,3
2024-09-23 14:00:00,3
2024-09-24 11:30:00,1
2024-09-24 13:30:00,1
2024-09-24 14:00:00,1
2024-09-24 14:30:00,1
2024-09-24 15:00:00,1
2024-10-08 10:30:00,1
2024-10-08 11:00:00,1
2024-10-08 11:30:00,1
2024-10-08 13:30:00,1
2024-10-08 14:00:00,1
2024-10-17 14:30:00,1
2024-10-17 15:00:00,1
2024-10-18 10:00:00,1
2024-10-18 10:30:00,1
2024-10-18 11:00:00,1
2024-10-22 10:30:00,3
2024-10-22 11:00:00,3
2024-10-22 11:30:00,3
2024-10-22 13:30:00,3
2024-10-22 14:00:00,3
2024-10-23 10:30:00,3
2024-10-23 11:00:00,3
2024-10-23 11:30:00,3
2024-10-23 13:30:00,3
2024-10-23 14:00:00,3
2024-10-28 13:30:00,2
2024-10-28 14:00:00,2
2024-10-28 14:30:00,2
2024-10-28 15:00:00,2
2024-10-29 10:00:00,2
2024-11-04 10:00:00,3
2024-11-04 10:30:00,3
2024-11-04 11:00:00,3
2024-11-04 11:30:00,3
2024-11-04 13:30:00,3
2024-11-14 15:00:00,2
2024-11-15 10:00:00,2
2024-11-15 10:30:00,2
2024-11-15 11:00:00,2
2024-11-15 11:30:00,2
2024-11-21 11:00:00,2
2024-11-21 11:30:00,2
2024-11-21 13:30:00,2
2024-11-21 14:00:00,2
2024-11-21 14:30:00,2
2024-11-27 11:00:00,3
2024-11-27 11:30:00,3
2024-11-27 13:30:00,3
2024-11-27 14:00:00,3
2024-11-27 14:30:00,3
2024-11-29 10:00:00,3
2024-11-29 10:30:00,3
2024-11-29 11:00:00,3
2024-11-29 11:30:00,3
2024-11-29 13:30:00,3
2024-12-05 10:30:00,1
2024-12-05 11:00:00,1
2024-12-05 11:30:00,1
2024-12-05 13:30:00,1
2024-12-05 14:00:00,1
2024-12-06 14:30:00,2
2024-12-06 15:00:00,2
2024-12-09 10:00:00,2
2024-12-09 10:30:00,2
2024-12-09 11:00:00,2
2024-12-12 10:30:00,1
2024-12-12 11:00:00,1
2024-12-12 11:30:00,1
2024-12-12 13:30:00,1
2024-12-12 14:00:00,1
2024-12-18 13:30:00,2
2024-12-18 14:00:00,2
2024-12-18 14:30:00,2
2024-12-18 15:00:00,2
2024-12-19 10:00:00,2
2024-12-20 13:30:00,3
2024-12-20 14:00:00,3
2024-12-20 14:30:00,3
2024-12-20 15:00:00,3
2024-12-23 10:00:00,3
2024-12-30 10:00:00,2
2024-12-30 10:30:00,2
2024-12-30 11:00:00,2
2024-12-30 11:30:00,2
2024-12-30 13:30:00,2
2025-01-06 10:00:00,3
2025-01-06 10:30:00,3
2025-01-06 11:00:00,3
2025-01-06 11:30:00,3
2025-01-06 13:30:00,3
